main_str_data,sub_str_data
FOKPBNCPSNYUPIBNZXSSNQURASRUUYKTBVVYXFPPFLSTAAKAZZMOYETRVOZFXYHCKOFWXKKQHRODWQHYPOMWZLQKHQXCQTZXQUGOWNIYSBHJIKPU,POMW
YULOZTRSYKCLJHNXEPOPTXXQCXPRBMWPJTCARFBKTHWLQJSYFAFXGLRIJCPAYZOWMAYDGOVTYJOEIFDOUJKRVOLYYWXDNGBQCYQQBUAVDAWK,YJOE
SFRSQPTYMDFOTIJXONLAFZTHTTLWYBPYHESPCDDRQATHJUEVUDCJZTNBSIAFMWJRTBXSWOOXQYSWPADHHOYQHEBKZAOIDBZTDCUSJWOIJBYRAB,EBK
KGIYWOOBSKJMFTCZJQGGTFZXNGRQADOUXVHADQMZEQZLQSJHBJQQBRGBAKZHLFVOBSOGMPPVUAICBCBKFXLDGXSLNQVJAUQLYSNW,IYW
YAXWRYZBFZZHNTYMSSMLPKGRRXRPZTRDLMFBCURDHBFABZDCFFKCZKCZZMLXHXNDVBZWNURJDMPQPGMGEIUBPIISDGFOHIMVZWNAUZPT,VBZWN
UODYRZEZNDMDGTNIYQBXBLLJGVMMGKZKUXAEJYPFIDQNJQZBVFDBBGCWHYZJRXGLBFEJELSMBINRDAHPZXCIFVKUUMQFWHBWIROIYLMNLRSM,BXB
KDUWWGQFFMTYMBURZTMLOXPHRZEXOXPYNKEXSUSCJJYHKLJYBPLSGXWGXWFYPAXICPWNNJAVFCVCNFCONHJCZTVPEJBFVROEAEGRJTZQOKFCZYDQQKJSBENFYJ,NJAV
AURSAKUHCJTGKYQIQCCVVHHONBJXAWRQNSQJNJOMPZCBOVMDNZHSISYNVZCBHDEEUSZANMUHEZWGPOCBCPKGVAHBXIGDHDHVQKGKDYRMTORSUDSNQUMJSMBGPTIWW,DNZHS
SLGEFUGMQHOBOKFCNTQGXEVDNYLDMUJPLSYWQCVGUPFIMGIFRZUPNQNYFBLBDXDFULCVHTRZKANFUWNYJVFIRZKYTZYIJGEWSEAHUIWGNFJDEVYDMQIEFFMGCXQLOSGCNZRJICRKREIGIDWFAOIKWM,HUIW
LYPSBKRNKMIHXBNEURUZPATJXDILCWDYDKBRIHTBCXALOUYRUFFEJPIUJKENXMAUOPRCOMCQHZLGEXQPMPEDNDRCWJWPZBUVNRYQALOBGIKEJJAEZRGDZE,MIHX
EXCCJYEEOSOZQDBIEUBPTHANXRGWALMJGSLCYZVHGOXFJRQOBUNSLUCLZGUIDWTWPDJAHFTFGLEJPUXAOQWUWDEFNUZXSIZMGHIVRNYLZGOIETODJUADATHJMPHFDSVWZXJFGQQPFYFNFF,CJYEE
JSDFYMPNIXWHSUJSIQKHQTLHBHLAAUNNEXZYJOBCLYIEZAXPVEVUXAPULINKACDQCNJRYREMLZWVEELCVIQJTGTMPJVWJVRRCFCNW,EML
GXBFVFTFUIWKILNQIFXAWPDYAEZEKIKVUVVZYCBIMBTOMFIGZGIEFNMUNNHZFEUOTPILUUQQISMHUSKUTNVIYBCEPKIHZINBDUTCRLPPOL,ZIN
WLNFMUZXXKNDFXNKRYBKHFUHOZIGPCJKDTDEFDUVRIHHFWEUGILVFJUVJFIEQUZIKNPCPIILLIKBIBHHOBLVLKPNNHVHKNEGZJLFGFPDNHYNCPYDFALHNOVETMQFRRIBUR,FPDNH
RCMQDXUYLHMXZRMZMUZNIJKJVXHMKIMCGJYQXXDCBMIASNHOZSTOYJDGFOXMWLJFYAYXVQMRULHGVVQFXDBDWEVLVKBSKKNBEOAI,EVL
QBZXDFSMBKUZVZSPISEFBUJUGEIILBZHNSQECDTOGLLWNVOEPYLOYUIRFRFPZBWTJFRXJBXEMFWAXSRIGTLHOJGLYPEPLWVDZFVZOSZCRGNITHMKXIWLKENMXGZINEASHIUWRQ,GLL
VHNPRMQXJKRXQYVSWXTTJVALZFUMFNMEQGMGMJGFOHUNZQBAASIKROUWBMJJWTILBVPTCKUAWWGEYKBHNVJYQDOMWNLUTDPJDFXTHDPKYARHUMZGFCJFMRDDWRYZOEZGTCCBIZXCXO,JFMRD
CRGDEDGCTEUZCKPMBTMCWHVAHLCNMKUSWXHKUJKVUXLORAEOTSRZOWFHIMBRXOLKLYVMDXUULNWOGQGUNJKLTIHSBLDAGWFVLHOPHTFNAOOYTEUQOILQXESNKRUYJBTCDRFGQ,OILQ
GCYJRHPJOOXLSSZUEFHSDWSOEELRTMNZDOLTBOPXCMNMGFTUXDXIZBUBWQIUCZUJOKLMPQGOPTQMDEOMTPRYPTOZKEUIJVWQLFFVGDFKLAOFFUILDCJV,LTBO
IROFXWSQOCDFRIINMJNQANIJLMAKVRXVROJPYRVIDNONZPIAOARDZARMCYQLPZZOWATFPLJPFDZZGUIIDHBJBYDUNQQNKAWLTBMKHMWLLJZCDXLQYUODBRNZOSOPNMAPABPRQE,CYQL
FDHYIOXCBGCVHBJNTYKCYFYSCVVUKWTLQFNGRTCBOIBJJELIVEMBHJIYVKGHNVFZEBTANBOJXXYGKIVKWNAIRUAVNQOTYUJQEICXRSLGYMZAAYYAJHZYBZYMAERH,YFYSC
YBMJLRKHSZAQIYPIIVKXLXHIPNHDDBXAQTBOVAZDZUEOMLVAYSCTNURHHJMCMTWNVSNUEEEOMCWCJODEYJIHOKWVXQVYYMAFZYBFBAHVTBZZPQBDIMSULRVLHQYNRKFVITCMVSF,VTBZ
MBOGRLNBGSTBXSRTWEWYOUSDDBKTYZBGYQYQXNKWLPVZCQOTSBJDNNDTWQZHTSGDGMDYBXEBKAHALFVNISNTISYHINUQGSRTOEWJYKBRWZEKKMSJZGCCMFJDPFKWHURXJCHZSORTOBOQY,SRT
ORPGDINPULBYGUYFZLUBPSMCBRKKKZJKQFIDUKQTZCILKXRJAYTDTZXEFXTZDHKHEKUBERDBKYGPHBHNHGOVCQPPGOCBYGSTAPCURDAPXUJYVBZLXYZDHAMMXEYUEXQIDRG,XTZDH
NEOHGPYTMMHCAXMGVKXTFSQBLMVAWTKEHWYTCAOUDGKGHAVYURLLHSVYSPMLUHTIXZUPFCPETAKMMVDRHLNTOKVQRJDRWRVUGVNRKVCKCIJVEWGMKSIXIXCPUSALYSKCQRJMPGUJVWFZFWBXX,HGPYT
RMHVZCYMAZLGTFWSJWFDZEMVEFQWRSANRYUIULWRFWYDRDVADKTZJBSNXOLSKAVZYYPIUFCJYJJAXPTFTACEZVMFKDHKPBAQKLQOBAJGNCDXZM,NCDX
KZSIOLMEFBSWCSLGKGCIAERHJMHENNTDBWUNOPWPBXUMWWLVMRZRYZVVOSHAVSXBNCOGLVODQMBKFRYUXPXAFRPUGFASMYTIWGWNAKFAAIOZWPELCALYUZNHIRZEOLCLOOPCVQGFTC,AER
VRGKTXPKQPEEXBXEGRSJWWKBUXALJFBRZXYFPPUWZCAJXNGLGRADWHEJTSJNTAZWUCNOBGHDZPUBNNUYZKNAOAZWJSLUEFQFXFMXQDLZBHVMZG,KQPEE
FVRCZVEEAQMRGPAZEWAQCIBJXPBGIKNERFVQRBXRSFZZAQQUZJBTITOAVUEOMXTPNYZGRBEUXVPMBHZQSHKBJNLWJWAGTKFNRNVCRRTANIIJMGJQHHFNQMMAOIKINJNEQHO,MBHZ
ALDOFDQEPWLQOEFIDTZWHJTSZINPCFERVIWKOFAQLICDWOFVKXHNNNCFBWLNMCBAELHTQSBZVDFTYUDKRCAUEUHRUGJRQRKOMZLE,EPW
VXQDVYZPUWQZBNVPRZWUVEDMAOXYXUFDXANAGYUYHWCDAINXHNEXDECNKYHMIZRBHUSLWZCQCZEAXXXHXMEHNFAEMJFQOGELLGSOSHAYXRIGJAPGDUHVOIENPYDNVMLIY,EAX
MVGXCFWHBFOXJWQZSJGFYPYEOGWMJTOBGRJRVMRXWQGJMMPQLVBIEUTHSVACGIURKRXCYPYDBGNEIQLVWZORFOXQNMACETKFSGEIGFGWNNPAMMNQXLNKGRHRUVWNAGBXKMRJJGJPOANUGMWNLCLXVQ,PYEO
WQNIBQWPBGFJYFNUADJGUINENSBPCKTOMGNBRERNFMIBOFNUKUULRWMPUKONCUPWJLOJSNLHUFCYIPAJXYNYMGBVKUXLZPWXYTYAEQCQXFEEPNSAGRBD,CQXFE
WJOIJSTZRFEGJXUFQDZFYSGNCFAKNHYPGFMXYBZJMFKGLKSAQADRVWGCJCRGOSTYSPNVTJENTAURMANKYAFLIJBFLARPNYPJHRYAVK,RPNY
EBFBMOPKNAVUCUPSCZSGMIFUIICQRKOYSJIJCSBCTBHFKDYPAGGWJAUNTNLGCUPIMTXPCKEOJMJEXMTFFEZVWVJFDYAWWBFBCKDVG,QRK
CUZMFOTGKZAVZTQEUWMNYQYPABEGXAXYNDPHFTVFLPFDGHATANNJLTBHIMFKOHTCVDXOYHYGSXWWSUOGEOYFYSMELCQAZXQWROVLBEPNMHXNBNWNJWAAGSI,IMFK
FESCFDJACLOARGLONZAEMNUMOJWWWNABMUIXLCQXGSOJCKEWZRJIGUZLLHNIKAAQIPFPDPOMPNAQLNFFESMIHACGSJXQTLRFGYAXMLIRDYWBCKHZKAQZFVZJKLUBX,MIHA
PRIYRQAKBQVKMTXHGFOVBLOUWSRYDPEDYATDJMDHHGZSNKKDBDVXHDYUJSKWONHCJRHNQBZLDPVCENVWRVKRSPUHYRPEBRFFLQHYTGTFUJVUWHYOPGPSJUWGOEJJUYPIYYZJRHTZYJAHDDBMISIPJM,DBDVX
QSYBSZESGVULBTOGUEGPKQDLYVTZHRTGNYMNLVQQOLSZGXOMQWZZXWWDYFBXWDFWSPHXNLWYOAWIXOEVQZCXGXHHQCKGZZUPMYCQJYXXATKVIBODBFXJKR,FWSP
QWBXYDUROGSEDQLHLJYYVPJOJLOEQCPOXKIUPXTWOKUPBRAOANAWMXEBBQVOUAOLDIWVJVWKXGKOECCBGEUHTNFEYUOCYPPLHRYGJSNYACIBDMWITOCYEYZXGCPBYWVY,YUO
GKKILULCABFSQFXOTINHYBVAIFVBHKODCRLFEGUBYWGOZVAFWZCDHYSQUATIPVOLFDBOSPQTIUEIOLFNBSQKDNRPPACMEEWQVADD,HKOD
NSNYUSZFSJBVFDLUKPRAHSFHPEIXQMBJGMWUZKMCBNHKTMITTTIHQOEIRVNGKCIETNVYRXQANCFDPQIQBHGAWPWYXYQKBFCIUEQC,MWUZ
FWMTYDBZKKCMKFMRBVZLYRDMAULUTYGQGDDGGYECQSVUEGLNWWRWDCDRNJMRAQMXENKAWBZVGCSLNSGCDSQVIJQMYMAHMOTVKHSQEPIQTVINQPEHQQOIFUGNRLUEKXYJEKSIPJTVKQZCIV,PEHQ
ZGORPOZXFBEIYTLNPMNSLINHRVQVLCYPPIKEQELKGARWDXBLWYNDKTLVOLURYUDPJTKFHKKYPADVYBIDERSKKRDRAFBLBJXCODKNMBIMDNHOWQUYWVGMUDIGKUETV,XBLWY
GXTVTXXTMJZUYKOWWVSZZEPTIDIWBBJXOPTYJWAQPREOWKXNUENOVPNQEBTYZFYYOHLAJPOSMBCLNVVBCFMPLJXSYHNPARCNXRZLWPWDFP,ENO
DQNERBEFEAMGIBZOBMAZFUNWJFRBSUTJHLBYYLMKPRAOEPICAHUSJTTHLVSQSYDSJGKTWGZYFIMOVPOYWNWSFUEKFIKOEXZVBTCWUWJJRTICBQGZNTEDMFUXTVCOJREZKVSMLZZ,HUS
BXQLYDWMYCOGOKPFCTPWHDNQSMVZJTUWPPLKLHIBFROURIPPZXFDKPXZARLSMMBTFGXPETJJFHZLFTGAWASEBLQSOSBNDHPQIOXTIDJ,BTFG
MEIUWUIPTPJVWEDTEQLBWUUSCZDFERCFEGVVAAGNDMHMEXXANPTIKGIPRRFNXUBFBNOLISVNDBLGJRBNUUEGMQWYOSAOLEZKXSCFXFLEKTCBDTAYIZ,WED
IPRRDBHEYPLGPHXIBDKHJKNZZNIJTREADLRAWFQLPXCRTUNQIUMSPJVDKLHWLHXYBIVCFGITFFHWIQLAAGCHIHLKLLDVYVXPIKIGFMIDWPSDCP,HEYP
UEOYRIVMXEKPRQFSDJNRZCXOEWNNPZCRYLKJFMSWIZXUQSCOWKCVYQXRNKOASQUDHOAODBRIZVJRTINNAMBOPJIRJEGBHZVBCDJAGMNQMQXCGCCNOLOHHQSMDZSMUG,DJAG
OIRBDYFTRSTUGFCYHEMQZIALDZQJTAIAASQORCEKNFOVRVCBXDGJGSQDTIUBEFOFAICIBKZEGESDWQVWYTHZMWDHRTOZGPUDDNYUCFLAXKRMDIWYXCEMKOKNXQIBGEFBEWDPDZ,NFO
DIJKWHRENCOOIBEDFGBFOYCDHGHJFGNGMFGKSJEKHEWLKZMMHLHJULLEPMKFYOVEHESGQBYXWXNLTALELNZGPJRYGGPFVUIMECNUWNGXGAFTUYPJSUPWKUS,EWL
IWNQGLYYFRCHZZIUDVBLXGQKWJMZTVVBSINGKLNYNXKVYIXFEWRYUWWLROFHATUFYZDLSWSHYFVLARSGNUNGIUFUREEHPQAGVYXVJJYYQMWIYSDJJORYWPTLTWLMKM,NUNGI
BAEPYGYVYIKSGDCSUTFOWSATUVEOWUGCXGIPGLOATQFTGTEIOFOKTYIPANAMIJDGKPOFGFHFTONKPWLMPYJSEMRWZFXSBEXHQCOGSUZJFGTOHLFNIFVK,SGDCS
WKYPGLOLIBHFVDQASYYILGUWQDQUQUEVXKSBUQBRWMINSQQIJITFFBUIGHNOQBCIIWAMDFTXVIVXMNNSUJRJFGXCWWOKPGGTRLTCMDBISMCOQUCHGSQPBXIWJL,YYILG
CQMMQXQOONXDKFOGFTSYFCSUZMWVZEEMIIUKQZCLVBTDJDBPQLFYSGQGGPFPCWOFMJAURITJCRVDKOTTZOBQEEMFBIWHJPWPCXGJPWPOGMIPLWXWOGRHGWJLWCBELRGXQAAZDJYEKSQUUDOTANBV,FYSG
HCYJCNQHHUZTWKGNJIOCGZIOGKYVLMQFRNMCFWXZYQSMGHTESILKCPLYCABUWVEXBTFEEXJPWIAHLXKYRZQWPVVDZFGTNZJQMHJBMPZQFHEGZIOCDZZVWKQSZZHUKGX,HUK
DMGKBLALRCRJIACQPVBXKQYMOTIHSFHGHLTVKANHHKGCZFTLPNNBHQYTLRJKJSMMAKCSBJPRCTTWWUFJDBKKDQHHNWMXZNGASHXIMDCSORRBJAOZFXVZFXGUQAGGHTSPVBUBTXMAWYQPVWBAGBGX,PVBXK
JZQWLFBURICPVZMACKOFMKRMLAIMPMCOXBZADARQFJFOCNHEDQBXUGAASMXEHMSEEWBISNPQHHKNELKEJJOIIXNWPMIBGKDCQPOAQGTY,PVZM
CXGMUDSVGFCZCRRUSITGQQTUAUEILOSEFCNLBIPZIVPSXXOEPRCUDEERYVFWXGMYKWJXYEVHGQGGKNRZHINQLPHJPUANWOHSCIINHULEUHCQDKRIOKLAIAJKRHN,IOKLA
GVBXFAYIHFONVLPQRRNTKFKDZDRYODVRHSOVXQNOCKTUHQOEYIJISHNJSNWHGINCPKEJPEJJEMGUYBRRGCWVRRHYZSTJAVUSYTIWXSIOQVSN,KEJ
TQAXOUMSLKATNOHRBZOCWKCHMBFFYVBPOSVHCGTFEMXMYZUPZREQRKWAANKNTKMVMSHVETDYNAMMNZEMSMTJZFGSOVUNZPXIDXJOCCEDFLAFQCVJQBZVDGIZDXEAVYQB,WAANK
ACMTVBPCLRRAYGMUSNMLWWVVUQOVHZVLMPAQHFGZGXRBSUQJIDDPFEHLKRZDNCZHUKVNXYFDJTEGXZBHSIRZROIYZIFVAAXWQGAQXJDYFTNJHZNFVPDBSTQLJUUFBCLFUCOCPWQQEF,ZIFVA
FYCXBKROKSANDPPKITVRRDOUWLAEIUOAVIAWURQGZFEULNNBBQXINGIPAQEHUFFOERPHUODGJEHTHTJNSYQOVZQDRCUSFALYDSZFCCRUGUXVFLBUWNQPQNXBSJRFBPGNFGSPNBZUYINWSQX,OVZ
OYMASGERIZSEKCSNNTZLQVZKETKUIUITPCYEGXQOELKEYTOBMWYURPRVUOJYPXZUVPMBFQYWFZJYEASEOFKSXHVXNMWNLCFUGFXELOHLKGRNXWAOC,WYU
JLBOHATQZTECIBDETLLHQQIOLKKFWEPHJZETUVGKGCYMRSUYOKAAUSEMVCFOFRYOJBFMEXPHGLZEWUWSHNEJXCXWDZFYYESVXLBCCOQHETBARDVLKUKAGZEASERDE,YOKA
BISTIFJRGEXKEAXECXQLPGTGZPHGIWSTADIEPJQLNVSAOXFAVZYTIDUHVCQZYOLASMBZONMDYWLRPYCMCZIQGYPYUHHTLNRSIGZFUVQCMDFLTOKIZYSLJR,FJRGE
NVSKESXRRUGJPZFWLEJNIUHVMXOPVGKALDTPJDVMKSOLWMMPAGQEWLBQXRPLGAFAZJKXSKPCVXOHOJKPPUGVCYTYHWAQEBOMUTLIKQZHNNIAYUGBZCWCXJGGRSJD,TPJDV
UBUYMJQQSMQMBQPOMYTQQJOPBGBWUZPKRSCDLBKRGHOREUOPDJDTQUBXSUZYDAQDBFGSUGRUCNPOURAHCVCZPNWDPUPYBCNDLARPNXAZOMRBRCKGMQRPIKXEHFEXNF,PKRS
JJWWUDENEJYQOTCKVLMGVQNWCGTEWUOYSTGRDGJVPSMUQQCFHMVANGDZDDTKMECHXPAFVRQNXMYXPNFKJRCVDVVQSTBKPSOTZKNUPEICXGUWKNZEFMYMBMZNJSXBUCIQZRLVXKZSMBRTPUDL,ANGDZ
DCINEITVGUIALFSEXDNIPYYQZIGDPNFKXUSAJJNJYMVFQUBCTAOQUGQNDZRIXNSKWQMIZCRWSNEGFLCIOLZJAFIKIOYIXAINNPJRHYYHIHIKMFIJBUPRBGNBILCUFWAGDNVOP,FIKIO
GVBAHFFTPDCDCKZBWDGTXIWZOMDNYWXBSXMEWVICBEZNQYWGBZEIFLKOLVYBECIYENVHEDEICIEMNAHCLONSHFAMNTNRDPTIJHSYZZAATQQLCY,DPT
GVSVMTQAOALJHOCIZLZWJLXGFCOIJXKSNNNWPZZDAWQYBEZRDWDLKMYPHUMGAIQRFDWBYVMRESQAXWYFHDRFBZXXNUNXBJXUXNMIQYQWIAMXAZTXGPLLRW,XXN
FVBWJKUYNLHKUNXPVKZTHOPPIUSLSELFWWTIUDSHAZBEMGQSGSZRYYHLAYCDKOPCHZYMMTILHBOSCUQQUBPZGFOWAOUBKSHSYXJJUAOJZKNXVNPLDQDRMDLPWHXBZJMZSOCTCKIDPGKFR,KSHSY
PJLXCHPFHZRURNLQUILXZXVLJJPQODEIHKHURUPTUIJJEGHYROJZJTMKRORKXUMUDZNBYKNMKBMJOTWYIPYNEDZOSKBJPKMTSTYC,UIJJE
DCOPGCMHOZIGVZHCNXLEDPEQFKMYSTVSMCCSVFPFQMARGGWXXNJYJQEVAOCRDPXNDYQFMDPLMARTDMHQZNNWCVOSHBUFUZAVGANJCLYZIEIVGYNNWYYIAPZQUUB,PXN
UCVMIKFLDRYGSBXGSXSTOERXWBRXEASCHJOCUELWZVHNMKACANMNAEVUDNJYERONRZQSTOICVFCOHTGEHCDMODREUTQYAZJQYRERNPGBDCTGFTGGDGIFCEEKVYHWNYUZJBSSCXLQIYHETC,ZVH
LORIWDEQWCSYACIFOSMKJJNKVDIYNPBDMEGMEJUOOMWHRSAFFJDWWWAZZLSUBYJSFYCLBIEDBZQIVVRILPVRKRUUSMOCUBKUJGWANJNIQVOJEZMUXQCBTZYKWLOWERVTSIVXNNSKIQJCXWVU,OWER
UPCNJKTCFBKCCUSPOBKIORIJGPXPELWUXZQBXSURMJZLIZCWPBAHGZNMVDTYXSFZANUBZFYTCJKCFZVENZLOZTCQQPFWIXQGQMYBADQGNMCJRDCNFHFFLTBVVZMIVZIPKMR,XQG
ZDSSFFPODITQZZJUWBXGKUOLLWKULNMPTZELTJVDKAASJLGNUTSWFPGAERFEHMPVXZXHISGEGLJLTZMLQUYMROLCFMEQFHOTEJBAFSC,TQZZ
VTHYGVKSXZZEEORLBXERSZEIUCPHOXFYVNAHGHFGJIVRSNVETJXZESXHRUPWOFIFHMREBAKGCQBMHXIJTEMGTHMJWVBSULJOZBPKTGGOSGACCICASIPHAVBEBJTPHIIRGVSOBRIGCJYGTDGM,TEMGT
VXSVDFBMLZLUKXDLOAQIPSFRTZSVPOFIUFJIMDNZKVPATOYXEDRQBOFWASOSOHTQVEBATBIDCMTLDHDXWQEDMZZYLNCHUTWKBZQCILLVABC,NCHUT
XEUQUSRCPEEDKXPUDRALNGCSJUQNAFVWNLTVUWNHERXZKCNVZUXLRBJRXGTEUVWYLZUKPZANODCKYWYTQAFLTFLGMIIPURHALPOZNJ,KPZAN
ZCJYUGJZHYFNSWAJBOJGUOZHJNXZOCBIHSRIKRBGAJRBPIQNDBIXLVBMCYISERABHXKOFWZWQBUFCRYKGUNLXIARHQFDQWHZFLRRQHNGMIUDUEUWLNOZHAULFCBMVMWGMHQKF,ZCJ
EYAGRLUVHLRVRDKVSQMMBXQUXEYILOQVVFGYYDSMPFKRHEHLXZMJQJUNJRKAVHUHCEHEHZNSYRQILGOECETRHUPNSTQIGSTRJSTOTANTBMSMZXIZRPANUWHSQQV,SMZXI
ZOGXYDQRITSGYRFVXRBRYCGWKGAPZQQAOZCKIZVGBWDETVEMERNLBUGHNOGYYCLMNYZCDRDMWTMFVMUTXFQRRNOKQLELYDIONKEGNMJN,XRBR
QMKPIOCWNLDMMKYJAHGZRLKVOKBMCWUTGEXTRDJPOSPFLAIOORIRBNCKPNDQDCXIBQGNUFYGGFSJGJZBUJGNORWBDYHAWTDIVNMXTLBHIMEAFKHFLIKJJPOVOVFHKUXVXZFNOQNPMZCPKAT,ORI
CPNNUHINLGMXVMAWTGLDKJVODZDYFZHLUXBQKODTQZUZHTDCHPJXUCWCLMLCMPRTVFKUQBPMMQDZDNNRQKPJAJAULACWKRKUHERQYZY,XVM
QVRVEQSWCVZNZVQBKAUIHGZMYKTVJOPBQLWUUFXLXZWMLHYXNAYDFHIEALAIELOCEFEHRUPESSXGRWCYWYJEUCZUHCXOECVZEWVUPQVBPNVKWXDLQSJBFDKA,JBF
ZBMGADWYJNIAJKZMKWHWESQNAYAGQQYXKHTBEWOXMRMXBBWZBYFBGZXOOXFDKWWEEJVHSMDLQCQNFBOFIBKGAWTORLEEBEQAAKWKGSQGUFTWVPM,RMXB
WTAGWEWYKHQJLDPTEKFYXQYXHUWORBDNSXKCWAEHPZYJHRRXUTQFHORYJFOAAEVGDJCGWFFCSNQJTCTCZCZELGTKHAMJSOEZQVOEBTXZVDGFXVFPLBLIOUGPYI,JCGW
URNFVUDWMPAEIZDPDTMEJVDTFPMQSGJIOAUOEUZPKHPSWGKEPSJUIZBVUSJQMCFXNBVXMTQRHZXLIXFKNMNXTHOOVXNTZJGNPWIQCTQFPVBGIXQOOTNLFTFTYPCPVZPKLKGNPPDALDDQ,MCFXN
YCYJTDYWDEWSISSJFDYKDTUSMYSSMPDXKVQOIOCHAJXXXYUHXVAIBMHZHSWJZXGJBVWUCGSOQVZHLCBFALBDOIHSINQCZQLFLGJUOHXOQDCHDZJBBIBDXKNWRPVOEDFC,MPDX
OQFHGISIJUHWRZSQTACTTELHWWKXHSNWBRRVFUJKTLKZBWTVJEEELJRGVKZPEPMHZUMNWGTYAQGFKXWEJDRIEXUNISFUBEWRNXHVBFFRINO,JRGV
DEBUHCQBGBQQQDBNYVTBTWWLBUMVNIGAWQTJRPBGOCYBKQYXQREQRMYURFWPDDQOWSSCUKCZVFYYXXOQXOQOMCYYLGABHIUKTDZAVHWJVVRFTRILPIXZONYJWSOJXIZAHXCHLUXFDNFQ,AWQTJ
FRALUJWXXSABEEBTZHXZKUQXEXUCVPTFJWJCRYHGDODEIWUTWGPTBHGVUDRWQGSPPNJWVYMGIMYADZNRTIAKDXYDHTEJCSSLFRTPPOQXEKHNPZTHADNGFTSYWUSHNVQVIDTBSDUOQTMIO,UJW
YAHMZVUBAYHOQYGIHQDWNGMTUMSYHEEPTDAFPTSLTTSFAPQTILYLWOWLDFXVXVFGSTIDYJHMKPTZNYJVZDTSQLWQLHZBNBQLEUXEGBAMNWEKLAYPAZOFQIZGJZUWHQBFGPLPDTBSAQZ,LYLWO
SFVUFGMJZLDRLQMIQKLUJOCAUXNGHBRBZDVSUUAZRSRIAPYPRAMHELJZLLMMNLIHZSEFTUIPRGCXEDXCRGUCEABUQLPDQSIIEDSVIGDTVBBWRTKRXADFHNIGHYEOXJSGPIVEJLZABW,ZSEFT
WHNAHTTXTDWBAHLYFJVQLVSWODCSWPSOEVBIBZRZWTMYJIBMYSREGNSHFXZZBQUSOEJOJGJACPYVTJZOKZWPQUNIYBOIVQCAVEUDHWEBWMWVBUKTRLGJVSYBBBPGNJHCFFHAQLZUTMXSRW,YBB
KHAPTKOUAPYKPAGPPQCZTGJHDMCWSUQBDPBAWCAXGJSONRLQTDFTGINPXCPUBWANKOGZCIDFXVQFUHOCAYYFMRDXJSVSCTWGNWKNKWHJKZHBBXHPDZQAEJYBZ,SVSC
CYDXSUTSINPASLCTCXOWOVSBAGEAZYUUKDMXIQNHMYDDEZBJUDONQLHCANYZHFJANXVUQTTGJKRCKYCUKOEUXTGGDNHXZKOQDNTMZD,CYDX
ZSZCJHOXZXCOROEKVCSXZLHURGHVBBPVUIUSQCZDJRKYSFFFWFPWSYKOHDQCEHQHHWOMLLANPOXFZSOPAJEDCRBIWERQXNVKPPYLKHKWEDZOLVYIOQIOJDATJMNCCFQPENFBZYGFJAQZPUOCE,SXZL
CIWVOSHNQJNFNVWTOHDAHHMURILSXGQNHSEANLPKORTSGUSNZDQGVIRWLXJBQLGAPGGNHCGIQBNTTNUXUBJFAJHDVNFVFAEVVGUECLZHYIT,TSGU
DKVOIJSHYBSJQZLHQHGMFSOASMRBTSQSUTQZMTHDGKLLEOFBKUXYLZHOSIOAQQBOHHUTCMXGTQJJJFBBFYBKPQEKNDKBYUAXTNMXJFYFTQLBCLZKVVOPQZN,BKPQE
OLPANJYZZXIHHQEIODLGZNQQUWIEMYOGBUVHUYJLZKMFLPTDVYAFEFDZXPQNWYFBDPOOHAMLKKHPHCZTQLNJPSDXCEOMWVZSCAELCBIKEHTJXGYI,WIEM
FUAXUJEHYZLKKSZDCQCFFAFOAWRFIRTKGTOUKMDDXMFNTPHLEIVADSOPEJADGVOJQYVEVAAQUAHNHBCPTPLCKLGFLUUYZJRFTAPIYCGZYQYJTMMXPT,YVEV
NGXXPXKMUCRXWUYJTMKLNTODLYQIHCDPYVFQKWDUZTWBTPJMNGRORVNKMIHSNSXOCFVXKJXWOONLORJRLDWCDMKWDQECYTYHOEUNKGHWXEBVCTOSDRWIPAHBGXYWK,WIPAH
WGCKARLFWLOGJOQWXPMMWBORSQOUPALSUICDRWUHUJDRFDIYPJNZFIMAZINYMJWMQYJORZHWWXVLWQERBFOXNAJURQBAGSAYVRFCDMYQJRTRVEUNMVNXWBZTYRGC,DRFD
ARDZDLNHEHVHNJCPBMAKMQAONEYTSUVLYLFFHFQLPFEPZPSDBCVKGTDLAZKDGCGAOZUPNVQQGULWGHETVORODTNAYTKKPXRUBEHWJEKAFJZEBPZQVPBQBBPRHGSGCBUFMKYAPCZYJE,APC
HJWWXJPERLOKSJLPOHPDITALNYTTKHJHKYQMJLUEJJUGUKLGIUVRTRQVUDABODAPHLIFEWUKGYHHEDUMMFUOZAPWUIREAVRKVDDKGCQWVDWPFOXVZKUBBKCDVPAYMTAPPFBNQDQTVCTNQTKDGQXNE,HLIFE
AFUAFBYVBGZWRSRFEEVAOYRRLMCEWWBVAJWEVXRAIIBFONCLIJOVRIDZMBIENMNHLUECWYFAPRYSQYYUJAJIRXWEUTFDIVNSMVDMMKVVQIGOKQKKSEFGDYJFAYP,SMVDM
JXQKROQZUOJQRJAOJZRHYUYHINSQRSYFEZXUZADFQZNHYPQNRHRZTISYVRKURHRYZBSFXHGMWRKPCVYLBIDKYKGWEWGMECVBMZFYPCAHBUQAQQPCWH,YUYHI
IQVYOYMNRKRAZFKHGOPGXALKCLDWYCHWZASACKRAMJRWZWTNYIWDNWAOMHJIUGEMVYZFJJUNAOJPVZHTBSKUGKNJMCWXKRGZKXPDAPNSIPUSZATEAQNYUVHCSDGZQVOXZXNRQNDLGEAP,YCHW
RTQJQRPJXVOAQSSGBOOCMXBCRPLAMTJHPONSSQHLTGLKZJYPRVRBYGAOLISHPZYQUVVJRERDWHEMSOLHVBNQNKVLAEFAVGELNZSSGV,PZYQ
MEUTZXOXHMJSEOOFBSYSZPIWFJDDTCWSRBLZHAKODHQUVCVDQBFVCTZCCXUHPCZDOKOZRUZMGGCPGSZTFSTLTOVKNCPYNTQRFZIO,VDQ
OCPRZTPNCUTZPUGPTWZIBCQPTKVZCDEONEQVOSIOMNNQCEAELINDPXTYTQFEUJMTBBMAAZFERFJMMRTQIFNLJPNURBUCXYOETSOAFPUIBOUHLGRORXYVKTGGNB,ELIN
ZWVJVFVUMUZQUFQEHVSQAYOKVHWBUXKKLWFADFJRBMAVEUQTNPMYOYUMOGRIPCPOHUYXRRPTXJRULLXGIHFMXJQJZQJYGDSDAWMWALHWKAA,UYX
AVJRYVAKNCOJYJVKHHTBLICKKADKJOIOWJOPJJVHNGZBAATHLMBZVWCQQGSYFCEHMRVZODWSAMGSJPVIGPVUWAZOAQOVISNDZQJRLPKIIWWBMZGNEBJKICBIKHOMDCLUQACSNYQTLJSF,LUQA
VTKJGMLZYCFTOQSIRLTHJKQJPIVIOGGODUZSGGRYHPRRIWLYOFJXQOGXNYWATEPLSJHRTNDLDORVCUCRGEIMMECQPGFZRKSPJFBT,HPRRI
ADYNUAZMJFGIAFBDAKTWSONPBTZALPVBBYYJRVUKSLVBJHVNFLHDZLRIQTEKQOZSWCDATRIHVKVVIIXLQWZEWJEYXZCDCYBYIDHJQYPILOEPZPQYNSNKTWEWZGYNZZWWXEDROJVSPSWBMMU,PQY
WUGFSYHKOWNPSEWYTBKGAGRTBWEXXRGCNUPZKZXWCRPDSMFIOEMCCJZAGOUBJESIPMJIUOXGVKSVSIOORMWNLSPJFPNECGARHQASFWJZAOHHUSFAZDTZYDIZPHGOQSCPVJVPAHA,CCJ
VPFXRLTQMIALAYOKMLVHBVBYPDNJBTEYDSWXRIIQVKTIPVZWLELBRREQHQQSGLNDDIKNDLOCAGPYNYCUEGJTJLDLDRLHYZJLUKRFOUVRUCXWHZHKUQKKRBT,JLUKR
DVLXNEQRCXDEVHNZUNLDKDRDRMABQEYQQQYCDSKABPYDQJQHUVLPDFAQHNDUTLPAKNAOHEGHWPUKLEIIUBTLQNPQIBXNCRKLHUTAUSVZVZASXLVPRVYPTNDWYSBIDGSZ,DFAQH
ROROLJFSPBZZXOMPJCSAPIYFADIWEEJOGQYUWNXCNBHSVPLRWUXJREACVZEMGIAXEQXDVCHJRMLEYUVBFPDMJOENZQCSUZVVXIEVWCFTXFVNAXGWXJCJOBBRJZYNFBAVUIZAMAPYCEZHHO,APIYF
NTHFKTYOFZKCNIRYPDNERSYMLMLJVCQJHMBGYPVQVXCXCNAKDUENIITWXMFWIRRBGDEPAEJLOGMYGAPWYUNMUJVUFWALPWLKMRVHPBGYAGRJOXEPIMMRSUPBIMJH,IMMRS
LZLORXJKHGKVQJAXGOVYQIIHEOVRWHFSZCFHWYUPLUMTABWECGQVYXORTINTENDSSEOPVEUWFQLEENBBEDNRKGHFGFGZCBDNFWLIYWYVWSAVENQMWPCPBTWU,SSEOP
OHUJUKBYHXNEZTBOQQYLRWCGQVXHEKISTWLZMGZGTWWAGHHASBODBGBJHIDKNVNGQLXENPBCDVCLRYXFDBNXLLMCHMSLXNVWAUFUOGMEFJHEWD,XLLM
LJKJARCCLIRCEWNDUGJXOCJNFZPMYOKWFJMBJTUPJWXLXIASIXFMDLAOLKXHVTKKWTIOSBFQKICLJFKDBBKTJXUWVIPXBQVDNVPIJTXPUQTARKY,JFKD
FRLXACPZEHRUUFPQLVQIKMHHYQYLCPJNALCSKDURVAEBLYPKNBDGZKHKMAZCPHAJVAEQCVIXMOCJETOHQVSFPLFNNNNZDWKPVFRZPFFTMLPUJLODVJBXTQYCHRNQIEXCI,MOC
WNKKCZWSDZUBCGFINIWZNSIMPNYLTIJTXACLYTNIQEPEMMJJFNYOICXWQWNEQGHPCSRXYUPFZVCVMHQMTRGDDAHKRKLOBTMRHTMTWJZTLMWHMLZWOUBHJBONQJAPKTQBOBXPHSGGPIJK,WNKKC
SORTCFJLCVFLPHHJOQXMXKCEQXRTJMOXTECDJCJAEKWJNDRTCPMMFSNIWIHCRECEHWVDUPDXQHVMBGNCFYCDMCATZVWBGCTTTLZRLSIKRLFQELVFFYYXXBUJRCOPOGPVGJOWNJGWLTVAQYG,PDXQ
ARSGPQLPAAYMNIBHDHSYHCWUVODEDXKZQKVUFXVYWRNQCPLDKQDKSKTRWZSVTRASHKAEVCQEBZJTDXEAWBHZLZVKGFNDFAAMRJZVYDHPNCGIWAMKEGPWLVJBSKCZGTGLWRNRV,QCPL
NYGXXTZWZAODLLJBYQJUTUXYXYONUXVYSTXEMIRHGLAIVYFXELGDQIZOIQVZBCYBXWWSHCHWZCYWRNVUVINRFXPVUEORBOAYKSWFWCDKXVQNNIOPQIRJJOPWPXUBGMVXAGHASA,PXUB
MVLIIPERVHCWIVJQAKGXQGBDGHVUNHOHGRRQOGKWMIIRTKPQFYCVJCVMPIYPZQBHOIVWXNHBTLLPOVAHRUWSZPIUOYMQLQQVNUFL,TKP
ABXPCBMUCZULBEITVPAQRTWHMTPBCCJGYFUVVGPHHCPJLAFQIFDDRMNCGNYBQTMCWZXRYVLNUZUKCFVWZKEZZYESXQRDROSZVKTHDYVEX,LBEIT
GBCXRLUJWOHLQEGQWWVQSYYHFSQCHXDECSSQIOWFTBLQFPRVJUKAGSRODQYEVMLRSCGEQRMACIIXXVQHLLTENXIAJUOOZYNBOLPMEKTEMKHKRVCCFDGJHOFRRJQXYOE,FSQ
BWHVERCIUFUZBMZSEXLEYVXCQTMXTBPLTFCIXGXTFZUSABWGNLFROLPKHLJZAYLKIYVPADLXCWARVGXVQVGCSLKWUMDNWLWPLHVCMYBZZTMAUTSFIW,MDN
YRFAASFQNVTAOIKFEKJYPGJWRKRCPZLOCEKPBVRHJSTIGMAANQOKOMHNJTPIRMXQZGUSUXIFMSJTWMXRYMDRIJVGZJSRMNULSOGNATUQLIKJLMWYVDVPGZFKVSCQZ,OCEKP
HWRBKODUCSLXOHUPCMDLXYPVUEMDSLLTBPYCMHEXHLEKAKDABZYFILSXWJJWLCGEBYUETVKURHIJWPASFUXNQFDFDJQSNLAYIRBBVYRBAQVDIVWOS,MHE
DWEEZJJFXPLGLIVWRCYMNLLQPNTOAYLCLWLPOVZXFFDXTDCOEAOYFQBWSMQZOBNVJBUSFAXYYYQWZYUXLFHYZTYUQGGRHJUGFAZDLHYMWERMFWYROTBEEXNVBHBVAXP,DLHY
BXZGMCHFBZSWZBPXTVNHUUENJFZOVVJFUZTIRZNNHVGTYUQYKDAARISFKBBDLTVSJJQWGJJYVWYVHCFWPWKOKSPQJXIGSKCNJBSCPVMRDCBRJDVOXIUSYZXAYCC,UUENJ
OCCDGHDSMTQZGGJJWHSRUIBHNFOOSVTJMTNVCTSRUAUIHQZSTUDUHHLRGDJGIRGBMOMXCMFXLMCFEZMBIYAJLGYBFNSGPRMERIPHNIVLZFBRRASEPRIZNZRNRDAXFXNJIFMHDUHZPPDRQZLLWF,TSRUA
NCIYOYALFJUSEHUCPHRRROJDYJZHSPPJFKBKDQBUHURIYSKEAORHPDOTXQACWSGJETMFPFWFMMCARLBDXCYYTCOQHLATJAXRAGRNGDVKVPTZSGDNWUCJRWHGPLPVJREQHRWYZHLRQEJJEBKNLV,URI
WMLPHFFIVZDBJUOJZGDCTKYCOMSQLOHRJNUIVNXIXSLBUPRTBFPTMENSFGSZFKGKPGHSUXDFSXWSBUWXRGFKWKAZNPFLXJDZYGHTUDBVMJHOAFRKOREGDKRNYNQUTQXCUM,LOHRJ
UHCXFJUNCCSYGRGWTAFTYUIRREZWPABGQGRLPMILARJJJYHIPMDTOTGKAMTQBLKTTETUMPABSJOWNDASLUNYYTRRPKCSTAJTQDHONCNXQYIWKKRFSKDNMRA,ABSJ
BDMBCQYWJEITATWEKBRMULVKOKVATHZMHALFIOFKDSVTVXJQCWXJSIIUBWBCRRXXDYGISKJGMUOWPNRBFFZALVAPEOTNMLSIHBTQFRYCVSU,WBCR
LNMDFXUQEMSNMBNLSZZHKEUMUYVFFNZAMEMDWVODVIDEKBRCAKANHSDOPFYOGEGPQVLYOANZUKTJEJSABLTDTOZFWSEYRYJBLKWTMCVXR,YVFF
QLDMVWEXKUUEGLFTDWDXFUEPYWPSQFSIXSDSRLIOWTEIOPBMGCVILGMXNUYQSTMXKADZCWHDRNQMQTGZEOISCQDDQSUXMFVUMWAQF,MGCV
MWEAEFGZOVLIDBVOIVYWYFQJGBNBDQVBDJESTXEJIXTSCSZGGQNBXMCMUURCZYWWGOHUUQSKSKXIDVMKUOCTWZIVFGGJHYJEUMJCZXLTBZZJDNEQHKPQZSPKYGQWWVNCE,KPQ
KPRDVFCCAZWZRFZKWCUAZNQJDAVHNOIJRHTAPDGKNVQLPGDFCIVQPVQLZLGFKWTROACBEBENVUAAXGQQXPGEJHOTJROXSYYUJFRQCBONWRRDVWCADSFOOIPXOYNAU,JFRQC
ZKSQZXDYCRXGCCNBUFEXKJWIRGZNUFJVCEZMOZXUYETXNMAUPAOKQFMHPAPZYWNBISPVOMYXWUYRWBYMCDTNKKAZYRLIOLVPGCDTCTDXGDOWPNPUEWYIJIJYVHQXDNAWYY,KJWI
GOMQINGMSVRDKYCDQTWOLHNWQODPFFTDOKOFLODHJIOULVQBMSWGIINUUJDRAIUJKZCRPHFBRRHGRUOLFWOLTVLGQKNXFOXNTNVZCXEJKGEBCSFBLHDCSDRSJIREHSVCYHKZZYDPIJMQJCUUCUSZB,FWOLT
OYUSJMSAYFIDZEYUJYMRDHOXUWBQPQPLLRDPGDJUVZZGAZLMLCLJNBDIRSPJRYMKTGXSQACVAWOKKJMDKDXBWMOGEEMIQETATNOTVMGNRMKQXKQLQCJRTHZKJAMFPFXEFBTTBDQKJXOHSNPEX,XUWBQ
DUXHDVGSLWIGEGZLJCDMQXOZNRIBEZPJWNNLIENNTXHOGRFTLAIYEGKKZCMNUHLGUFHOBMLVSTVYCDNABSTAGSVXPZLQALVRJYHQTDRQTORSUZBEAJEWYJJMSKFUBBWKHA,IEN
WIFAWIRVLVPDFTLGVJLDFFKSYOLYMDUEMEOPRXLMIYMEVDDKESIWPJUGQJRKBRZKATRBOUEGHDRXCYVKPRXNLBENCYZVCUGRBPLNXZQWM,LBENC
EMOPHGPVEOJQEETFABYBPJJJJIZMZRCRJSPRHGJHKYMWFTOTJGNQQSENBOADBMALJEQJLJNPSPPGOTAIBXDPLDIWDVQJCKYOYEPSLQWJMMHTKJLIIOEIETCSAWHEDCRAOAGYXURRYFQRUNRDYSTP,YXUR
GBGTKUWSQZJXCNATQMMQDIBCLVOOYPEUJIKWVJGBRDBSKDAOSGBKECZXCTSEWPHBOYJCKJLOFBSNNBGQBJDDGIZEJIBLWZJBPMYZSYCIIRBSR,CLVO
DGRABBNRTSXSJFLHSULLZKAWMJEBQQRPVYQSFIXCGDYGPNQBBRBHFFLSOSNYQACJWPLGLHYMIJGNKQNNANDJALUOLNPOTPRAPINQTRKNJGAFXPPDKSWQHMYMSIKLDUVMNGYXTUUBNLFPXJL,WQHMY
TENROOECZKDJSNRZQKYSFINGAWOMIZRSFYQSUZBXUZYFHEZGFHWSQDEIEQKIWARHQGYPLKTLHEIEFMZRQQUABLGMMJJWLRARBKZFXAVOTFKWUAZIHTLQORICKGMGSCVKUFKVKT,KTL
ZRVUBRMXKRYPPJNDQSIKQUZHNFAGCBVKNIIORKGDMIMGURAVWIREXIMZPLARUGGIBDKXHSWZQRHVMTWMKPIRGNMBXYLGMHMGFVIRNKWHEMLLURYAIPLTKUUMKXQXJOBFLIDTJLOPMIXLUO,MXKR
GKJUAZPXZZCXGNGLHRXHWYFOTLTOMWMXGVKUGOTTUXDTRGCWEASFNHOXNHLTATFJHLIGIAAKKRKSIBLCWUZQNBUAEZNHMILTWWMNYVTXLDHXGCFTQQWIALVGBTLPXTVWPPSYJ,WYF
HMBNBTXYLHLCNGQBIRBXXTYSGNCVVVEDOOGAYWDIGEXFUVXPTPSZVZSLBWYWCFXMLUAJIQYSUQYFUBDFUXCVQIGLJVVAOGBRGJEHEHGFKEPZDWOXDELYSNSNEJTOOHBNK,VEDOO
QRLLIRNZCJCRDJCDFEEDHKTNQXYRAUIIHRSJDFUCTZMSKGAOUPZBEUOKDTGHVFNGBXQFGPOKOBOEZVTULNLSFTVEIMRYJGNLKSTCGTWUGYTTNLZVURFRRYWWHAYLEJQCCO,JGNLK
PCLBSQZIQCLEKRDEHVIUCJPUWKKOXSGKHNJYHVIXBABNLCGTQSITGKPUOIDXVMDWOSOTUDYBYJUBIVHFATTEEFLYIFLBXPGVPKUNCKHNR,VMDWO
LRTLQGGOKUSLWCIUTCQPMAUQIGGUYGXTMFGUJHRXFNWLOMRSHTAJWRIMTRJEUSRKHOXVESOMVYGBCEGHXTLQAMSANMJDMGJOCQYRKLDSQMLLFVSMBSSGDMTVXBXIRDCTGGLWIKXQFSNVFYT,JOCQ
VEXHPPQTSUAQIZPBNPFPQTRXUWJCRSJBZXYJYMVIPPLERJNYKNVQWRWATHZZTABRRFNEMFZEQADWGDGIFORIAAOMPZLGNKHRQEUIGLMOZTGMNYG,TSUAQ
QWWEHHMFUFQJDCYSQPYIAALDPYNDHPWUDAEFAPHBGOECTTHEKATBOXKRZJSMQBSECNHNNQMCFOQUFNMCGPMTCWHZFXKXMXQTPMTKCNCXKZFPJGAVWMBHAYNRFBWLTTHFKVWVPV,NMC
BRRMYYIZEBZLIRUHUIYCCLHYTXLGGEKJAIDEQNPWVHQKXWCIMWDGCPDCNRIWRPCEYFTXXVIAZFYUVEJJTBDPAUQAJUHURSRQGUANIUXOUNJAWGY,WDGCP
SQCDLUNMZQSUUIPSGZKGUSQHMMSGVNNFXNNUMXQCRRFJPAKJSZDBELVGBPXUCLVHLJYBCONXPYVOLYYRUBSWUUVJTMJEYHNJITLXREMCNKJLQJMAFVH,XUCLV
LZHADKOCOWUCFHVUTEZRVRIHKAIRWMMVPRWNADVLJJCLKLPCIXQRRBICNIQJGRPFOGOFWZSLOEMFTMEWAKDDMOEJCRWXCGZKMZSXQJANLSBPPVIDRYEFRVTTFZVNXLQBMVASSHMPCUVCMK,CRWX
BEEAPMJWTOESXABJSQHBKMCSXKIBZRZVAKULDFGAIMWFRDLKBYTVPHRQINMAHVTGYEYTGOVTWALDCREUNCCALBRRWWZARWQEIRAMELNOBVBTJVZORXNDWHGFYIWYQKS,EAP
ZSLNKCLOZXBVCWHJWNEMEDCZSLWDYPMNMHXPUNJGWXCHCUGUGMUUOMVPEPRPYOPDMAXMBAEEZPPZOKBCXVJFKOWOCXISAMKUJGSVIDMQTVYLHLSKZVCBHNDGXRPTXRTVBKGYFYJOEMZGXITH,GMUU
TONBEKDHGJJKZZGXTWHXQRVSAKPQPNTLJBAUILCYTJQIZOQGKPCMIRDKEXNTSWZHYZNQMTTPBHPMVTOHZQBSJAEMYITFSEFPXJLPUYD,HYZ
BZGLGSKWDEWPJAEJBKWRDARMCVVQLKUOTWFJIXRMBMMWZNNQXXFHMHSHPGRJBGWELMVCCTEGBWJCVODPDCCFILEBLNUTODXSWLACMBRB,GBW
QJKQKBIFGFIKEFNJVYZQMDFFBQLJLVZGYIBZWELHGJVNQRDXFVXNRUTPPGSXTOXLQVKISSHGFYXQSYHMICPUIYAXOACLKDRRXIMYHIYNVQFCWOOQCAFMFFNXSDGRFQOQHBELGZFBWPCDSJKQUX,QOQ
OFZRGQTAGJSHWGGGXLXWPUQADEATFWEUUSYDPOUUERDWYOTUYXFOYNXVRWVWJCTIIDYNWFNPPAWPODRUDWNQHLEQPJGMSBBWBJWSKAIWEZAWZUAYRMEVYCXXQYTQZKWRS,XFOYN
TSSDLQHPQOQQYFWYMCCZJQLQCWGCBMJUBVLXPICHCJMBOGDMUXSIDVHDJOLPBGOOEZMMQSVFXPUPOJECKALRMUCOCYLRIGAHDTIIT,GCBM
XARRCJDRUOYNWNZELBWHUATHEDLBSJPLNJUCOIQJEUNTMWMLGHRNRETPIQJXIRXPHDHUUWHJUOBIEMPHNMDPOMBVAXDWXLULFWSL,IEM
QGIQPLBPJQKZFFVOWDLXUYLYMSBHXXNCBBUBNRSVFHPLWCXFKZVJDQQSKTQTXVYLNTPTOXRHRAWSGZXUFCTSKPWFKIYXVJWLDLGDDLKNCYFIPYINM,CTSK
FQLEHFKNKMYNNXAYTYECPFOUVZJYBBWQLLRFICJLUVLWMBGKEKMSITTNEDWRDEOFVZEZQHVNXACOFBNFUSFWGFWYTPDVMQWYFEKTLHVXGX,BNFU
PDTEILCHGQUUCCMANPQRAZPCZPLTCQRXVSUFMUZDADASESOSISCSXJUYKQZXNCUEJADAKGHMLWEPWARKRYQMOMUODAFNGUDFVEOAFLXROBJKDAK,JUYKQ
UKOAVVCGUYYBNDKAWESZCJZSNFPXJBLVNJHWWTRPMFYSPEVKGHUOTTAIIHXBYBERJCPZTZKDTSUSPSKZWRLQTWJYFPNCHDRZVKMFXDQWCBFLXCEUCVTUYAFKHDSYX,JYFPN
EGAKHFYZJCLMKQQEBXCFYBIMAVTWEVKACQRRGRIBNZRQDVUDPHCEIVYJNVDQCUWQHMRKAZUXHPUNHWCZMSEPHROVIOJPMEJLFYJXASLZLNDCEQWEEBOVDZ,CQR
WRMXREIQAQABUFZQLKFYLECCRXWIMHBMFOKBTCVOBXLQRDLMDFEWZZVAVKXHPWZBXZTSBHVWSWYBHESXGJSHPWTZDFTZROXNJAXFVGACVFPDHOLCEUOHAWTHD,CRXW
MNIQISGHYVRGSHCEXEFIKMQJXIHLFRTAKOMOMAKEMSGLWCSINBDBFUQCZINJHVYOWHMNMEANQKWATZHZUAEBSVXUHODYOHQRUTMFONRIHZMREZZUAMM,HLFRT
NAJDZDCYCQOLBOZPNKHWVTAZRMSYMYGHQLLANHQLAGVZSRXQQMJBORPZEJPDLPZVITSOCOSOJMHJEPAMQTOJSVJYZIQFQFODBVLFJOPSKFFMW,JYZIQ
KCJNACXBUBFVZLZICACQZDQIYEBPAXRBFFBPGCRTMDAJPPEYMUVZNMWWZZMHBDHPEHBYLTCRCVWWDVANCMESZWNVPJHFRBILSLGSMZAVGNPNBDWIGXSLDDEAUQEEH,ZWN
EAOFIZLZYEYESHHETVCWLEIJBQYSYFNMFLVJAFKZXEVHKRZYQDBYDHBMRIHTADRBXOLWDNULSCDNRILCJKDBETUKGYDLSCMIJSMZVVQN,WDNUL
GKLZVLMDTSLULTMMBTWFROUZRCUDSZCZEARUDHWNAWALXAPVXJPKPWIUGEKYFXNYKZZSLKIDOXCDVEGFPFBECRGWMOPAWYHTGXPTZSCENQFHOBUNKLCAYJGCHWTSXMWROPOD,BUNK
WBKJCGHCHQZPHTNHADUUESEQPGMDPDNRVGAJOVKCMTSKMGFIXAHRFTTWNRBTBVJAIOLZWNEBIILAINVTTYQZMBBFXVPWWXJWAHITUVJNCAEIQPZXZHTRVHLCVKHIBSZDGVLLDFOQBICYIVVE,CMTS
FSEWNXNFNJMFZUVVNUOXIVIMTOESGDZGAKECQYYNKUHQMGPHOADLJQSTUPHVIGEPTHWQDXFWYXHFTCKNVQFOOLZHANTSHFJBXRZRRADDLWOMJQZ,TSH
OHSQTLSDMSWVYWQARLTIJAMGIATSICPQNOHISOUIMZQYIDMFGDMWOAMQYJTCXAPASLSLVUJGKLQXJXGJRDLBDOACZVEEBJNHLZJACDCDROEXVCDLJYHYTOHNANLXCFNFNCINSPPNYYGKYQRIIACA,NFN
BMYSYVFUUWZJYNTWDPHNLBYKQOOJTVTNFMAFBNLHJVXNVCDQSABVNDWIZDPZUJSNVZECMOZTYKFVEHMTEJEOZGKLWTSJGOIXVSGJDZCIZCSBPTKOPVDTQXHYWJNCDFT,JDZC
PKFGRQFJDIDQNMGKSBKYFDKHQIVNBGIWKDVGTDCLVDARJOYDDXMVKPTYGDAYFRHFRJXDFSXXRBVXZAIZWRMLVKDZAKKSSKDKBECFYSXGDVTXQKVVZWTLZFOTPQAEASEKWEAXAM,SXX
VMKMIBPUSSEVKAMZGBPBJBPUUWXCPMIZKXRDVHZBHKNASNLNJOXBRGXNBOVUOVSHJWBGQXTRRZAOGVSNXJQMYJHTSWTLNEYNCZKJRMBSOVPUOHOSPGKJCNMOUKTUSRDBFGSUVRGR,PGKJC
LDSHKNGLJMVQUAMHZUJBXDEGQJIQVXVHWRSJFWYZOAZJYYVJRNSRWWLFALEDXLDCCCVQIQFKMCTQHXAMQYUPSLTYNFJFAMCXUXHJAIBMXYXLUJESRZQBPTFBULKZPFKQTVUIMDARPQX,FWY
PGWUSYPTSILQDJODSEYERYIWYQPGGDYGCSJGTTYGUXCYPEDTOVGPWHQSKOMFSBMSXENJPSWYYDIAJRXQLKKUDAMNQRQASKOSAOWOIXHXAQAWAND,GTTYG
SORTNSXFHVDKJKLETQZRXDOGOUSKHFMXTGZKHUJSYPXVZCUHYGGKOIAGRLTSWEUPVCCMNULZGUOTITLMRIFDLSWYXIYIWQDIPDJMUMLURPXPGBZJMFHALRN,UPVC
NFHBMXVPKFGYAITCNLJJZSQPEBWZWKPURBKSLOCGJGSFMIRKZVEXGIZYUWUEDLJQMSFUQYFMDXDNQKUIOYVUSTKAXTSMTNVJIAZXDHBAXUQIJEQLUENJPKBTHJPULUWQJSATIOTH,KBTH
MBGCFMVALQOCRLJKOKKMGKXHPWLMHOIZXAUXKCQPFCOAKWNDJDMBZHQQJKBMDOXXELUJJJXNMYVSIMGJBPFHFUPJIUPAEZUDIJTMGAPCUDHFGFLQJXVBLDOOOPTZRCJFGRIYRRYXRBOJRTP,ALQ
SHFJVFJGGWJYORMPHQOGTQSAJDIJIQEKAPONGMJPXVENOPCPPAJUIVEQLSPBXZLTKVYLMQFZIOIAMDNWUHBVQWZGXUOVWLDTAQUNHYHSNDBZGGMSJQUPNHRWNQIJKJW,JQUP
QVFXYDCDOREQUTLFHAAARNIIASRNRPIIGPGKNHDDTGHBMHEYGXXCDWCDVIAKQRDTVPJHONIDNLSYVDLLWWPDTKIDDRJLISEPGKUXCM,PDTKI
DCNUOGBURXFMFAZVQYSEYLNFWMDJYHHLUAVAWFTNNZVRNXMYGAHZHIFYNLTOULYGKMMLDZHPCMEAWILXQMUZULJZKMBJXJIUWGCJVWDLSWBBNC,IFYNL
ZIZQUDJWLSUDGCEMLQHZXRHESTEQIJDKTCCECRQUPMPXZDMOJUAZIYSDUZNBWTBYPBKAOHIYOYJZTVYMTJKVBFARLZEDTCJGYFVYXYIUSRRQMTZVXELWGMBSIANTNIRBMQBRBAMTRUU,HES
QFTJVQJWEVXXOGUWOAVVJHIQILMBYMPDEONODHRDOTIHVEUWDUKLGIOCADYVHAWWTGSBZILJHYCLGJGHYVWHIQGSUWUDAOSXIGVKADNQHZRCTKQJSHSFQXAFXWRHLDLX,MPDE
FBFDOEHILOBTERKKSFNXUJXJBVVBVTKLTFTGIZIOQSKYOTXOWQZQTEQPWUCQSKTKEVEFHSMVPHNIFDIDKYMGZAJGLYAHJVTJUEVTVSREZODJPSVQCPBRPSPKZO,VBV
USYFLKQGLRWPYLUONQVKZWMWOTKAYWIKPQNKXDNJLZYPHJSVGYWLGXSIDGARMFFGTQRTFSNRRJRSAGOUWXRHDNABSJLYIMPMILZMPSTULSSG,SVG
EOICPHTKEWKUVVIYHWLXXRUBXKINUWYJSPHOFEWZMJXTKHPMMZPRXRQIDISSACFAJIALJRTPXIWKWYVXYVTKUDFDZOVMUWJLNPGSWAAFCVOVVIZJODKXHA,CVOVV
XUUBLTIPJLUKXBONKQMHXVCBGJJHKUCVLCWGCSPPQQFXLLMZWEAEUDSVIAGNEXXCAWDNUHLJFQYIXLUVBWZFJIEGXRMGOYLODDCFDXHWOGCRZBPKBJQFJOMAMGRVHG,MZWE
XLDTUVUINMWFJPYWWVXIRQBYINNJIDYYGKOWOVNLOJXXJKWEWEFCKCLABMNZRCBKNZCBOCBMOCWCHAFRFUTDTDKRSEFQRYSMUSTSURSPSIFWQLMXBAPZWEADPFZDSAGUPHYCZFVXYPU,UTDT
QMZDVVKKRSXSXMHGXEJHJKSGSPDTRGLAGTEBJUWTSQDYWQPWDBBDNJGUQJVQPFXDHRPFKRUJYERNHKZXFAOFBJEGBTKVFHLHEUIBBKFYKEGO,YKE
XTDCPCLGQNZQUUJBJRWHEQJMBFFFJMDZYLMVTHZXTTQYISWIJCRSPARFIRMBTSSDPNEMLWEDBEROCFXPMXEBSSTCAVDHYYTRRKQLTIFZTKORXZEVRWDHMKJUFOGBUGPTHMUOICGNQMAKJYBULGCXZZ,MBFFF
ESMGVCUGKJKYMZPTRCQYNCHLZZMAYMGVKDIBWCTFNRXNLXIBYHIHFTLLGTQMOTYPHGUTWRORQQUZRMXGMLBGFNBQTFHMUOGFAFHFLFGONNUSTWPUEYWK,JKYM
SCWSPRWTNXXWAYIUKJQTQUFQYWSXBMGXHSGBPCTUGOTPFQTGWPGXRGJQOGRQPUABZVDLMSMCPYRFPXQEUWDMAJTSTGBHHNITQQWWVNQMPFMCNCZ,WAY
VVMTYZOJCUYMZJIYJQSHMWFDUOZYZQEPLOQBNWPKZQJZSDQVQBIDLLCSOBZHITWFIIKLTGMASYYCCCUYSIFHTYGEGNUAUYUHMBWUYYHGSAVKGKDERDPRXUUID,GKDE
OEGGGNVRDLVJGSOXDRKFDHFSEXHQBFVISCLTDKJCXXWQFZNIYSYLHVINKSSCVSFZXUSENSMHJZBEDELNXBUVRTZNGKAMHQFMPXLPBRKVNDMM,AMHQF
VLGHNBEYOZJFPIKORJBQFNGPDHRRADDFVMZGQTVHTZHFMIMJCQURHAYDFILVPACEFABAYEJEXRXKSJIZYPUCRCJNMNVWPGJOHSYBIHMEWYFKHNNZUASP,EXRX
SSFJTWMKPZRMIKXKNCSCHDXOMARGSSIYNSPLUAHAUUOPOVDITVGMWSTORPVRMAWWIXRYSAVDPOFNWCTJGKXKDZEJBZRAIQPBTIMJPCYEDBMBDKHGQONJXJWNCMOOIEBFME,OVDI
SGRHRPXTRISDOLJCIUTBPPNZWXQEUCEVQOLHQTICDEWDXIYVUFWWZLDVIKCSFGRWNAVOIRONKBLGWWYLEHAWSOOOJEFZFISPTXACEOMDJRDIXFNETUXP,VQO
VZETIZHFQGXJRTUYHNCLQPDWWLHCCYKEKSGWHSICYMGZYNIPETOZNRPKJXFMRZTVHXKSWBQWBKBHMHNWPYXRLXFNGUQIWGYPFFPAPDXZSIWLMVSDJSLAQHNZVPRUZQSVVIYQKTOEZRNGUXOLFJ,BQWB
MAUWUPXQWBFOBQYFZSYBYWKEVZDIBLHQLNILNOCREILFSMKLATTCGUFHWRLLGREIHHBWAERUZHGKPBAWVQSFMKXZCXCYJCPQLFRUN,KPB
EQJPMSCKTOLGEKSMXZLDZZHIBDKFVGSYUHLFXPOIKGROQRXUOXQQOACINPZLDSPRZMAOLIHTQCMGIWIGPYOCIGVXYWMOZOIKTBSCVWQMZQMYYZDYTYAXOOOIZYWDPUBLDQTPDJNEUWFTCKTL,KFV
GEXTVYAXAZYADWUIGHNPVYCFJDSHPGOBFZELQSHKLFWZEUUXAFOSSQETZIJNBEJWCPDLCOBLAJBFYUFSIVPXFDTCMRZNBQWYMTMSROAENNABXYARUJODWYFAQLNZTVCRVGTKZYMDSEVTKAVEDWBP,QETZ
YRGUJLQCONSESNIVOMLQAIEOBOZLZJRPUMHESJYGDTOBYBBSIAIHYISDPWBJYTYNHBREJOLVAOHCDCAQCUIRSPGFYQAJDMYBMJLYONPB,HYIS
ETTGDKWCVLDHMYDRHNHVBEXSQGZQZUJLNMHBROTTFKDCBCNDSQTETUDNBECWHOAGZKZZEFMGLVMKVJBFSADAYBGARMQUNIROLZWVXXYMZWCIACTQFFWLXMBUOHDVXDVUJJOOELNF,LXMBU
JXVJFNGJPFQOAGGKIUMBHGHWFXKZGQTJLWHSSUYHCCCDFLAZLGDLPTEYBOWFGUZSPEPSNNGZYUPRAPOYRDOVETYHRQWEBKXFHQGOBPXCYPBRAXIRIVLTEBBWDKPJGRPZ,UZS
WTJXJDRDSZQUTUJKKKPMHLPDXMTUUPDLDGXLFNYRDIQSLWGZSISJLJOPRNGSLUNIRJHRCHTJDFYLRJAOKIITHYLJHDVFDFCGBPEGGCEWEZWRKKVLNONQWRMKYUFZOLTLMGOPQZQKQJOBKQP,NQWR
GAVPAWDXNAJHBHCOPQLTPURVLJSCHOZIGVCHQOUTEXNCNHIOELKMCXIKMXWHSOZGDCEYVGJEJEGSNPOSGLZEAOUHHMNXTUWEQVNKJRWGQGYRSTDZDNWMQ,STDZ
BQDXTKUZCYYWKGRHTDUYATQTRBQOORRPGMCJSYGNCUYHNEHVFTAZCGUSPCAVNYZOYERUEWTBGEBTUHLYQJGNPBJUYAJWPPICCLMYHIFXQIDPKXFCLDPVVYWOOUG,VVYW
QAHHTYVTOFEKXQMRRSSYFTIHLVPDQKHYCYUXADZHMERHCWGEEEBVLIEEODYSQFEAOIGCRGIEBOREJPFBJFIKQKSHAWTUTEHFTLZPCMEJWEVZUNVKJYDENFXCWLRFSRDURPQFGLFZUVXLBLDYJJAQ,YUXA
WRLQPTEVRJJPIDVFMTJAFBPFNSUWBUZVPOPFFFJZBCZYPIOVJFLZAOWRKYXTFRHSHKSHRCQHATRAUYIVBDHMYNHGPBXBFUCNDIUZWEUBCENHN,PFNS
CACMQSEWLPZHQWOKXYZMHRNOBCUEDETOVQGNIRXUZVRWZHSFDKHPLHUSYWYUHYLYASDGWRHFYLOISEPCLBLSZGBDOYCIOXPJLWGDKLZZDHYHMIOVQXMMP,JLWG
IDVXKSQPZIVIMTLISLXMBNBYYGAFBUKLPYZYSMLQRYYFVLPUTPIZIGWMCOQGKMGLDCBIIOOJBOUDPSKOAUYURZEZSJLXJOJKPPWBKHOSMCCEJTOUPVZQIDOHICPHFQTYTUPLST,IIOOJ
TNHQZRLSZREXSJXIKFYPPEZEYATMDFXPYRYAWVJOPFKLBUWKRNIJMEPSECLQDBOPFKOSDMSCVGSSKCBIAZSCGARTIXWOSXAKPWDXVEEKPSYKWQTALZZIIPMQWCTLRGREGPP,LQDB
MSPIITIDWGPHLWPHZTKGRJHBARLWDWUOBFRHHPDYBCCLBIZNEGYNNSWJKMAXEDRTBYPQBOMKKZUUFYYQKUQUPHMVSMESWPLMEKMZTFRXCSXKLVITIXVRXZXHWRH,XKLV
LVVSPBHQTFUZTCRDRJLGUAQDHQMYMRWELFLFMZDZJLYRNHZCUUORKUVXQPEMZYINGAHSAMMYTYVFDXKYQBRVPTMVGCPSIIDPNPBCJDMPVBKYKQHNCLBOECESNLVTRG,EMZY
GSEXFILUJWCOQZUTWXJMDDSKXLJRCQYNEQIZVTPOEGCODDBOCVOBDLBFKMAXFVFHPODDRBOFWUZDIPDIIOYFZXGVGXNNPTONLTGAOPUIPUZDURZMYTISEYSKLGCJRYYVPAPYMRLFC,RCQYN
SSAKOQJBXQIYAAFCUHZCKEABPNVIGTTZCULNZPCGHLBHBBHZAVSRXVMOZCEUGUGZCHEGINDALSPTCMUUFRFAGKQGGLUOMSBHYSBGLPTYBEQEBORALQEUACTBZMBGJQUXGWHGVTLJGSHS,UXG
MYQLVUWMLHVADWOQPGFACWIPRHMNTUWILASQGSEOFUGFUZBOVEVTRXJQULXXFWLHFTRZTEZWDDRYWKFACWMSULSOBDPUVUNYXQIYRMYBIEDENIGSVGPSFVNRYKJV,DENI
VJMJBXVAIRCJYUDPWRIDUUXFAICQJQMXHVUUCITSDJLONVMYGSVAPJYEJSHHACVLUNVQUKDYACANIUPVFKANAYWDVPVJSYCREMSPYUQPWMAVUSOOYSGVBPHHKBNFGFKSTEMSQGTMNPVRCQ,KDY
DVFPEGGMXBQZWPVITRCJADDNBHFZNHRLPWTXALSKSNWIZQFEIJHUVNJSSJAFWWWTACRQGYXTZIUFGGZSTKPKYCONAGYKUWUVTPETGPMQUCBFKRLWACHKOAEGUKPAXVMDADFWYEWESSVBPZYGKTL,VITR
ECAEEBLOIUPQDRDTHDDZTLDHQUTELERUFOJILUJZEBQFENIMCWICUTKTFSHDUOYWIROJEDQHRKUKHOTOMFGJFYBYITIWSKVELQQDUCRCMFHR,OJI
LSRSWGNMNZKRVIIOLEBDEWCPBIYMWBCBOOSZANDPOKXJIGMXAHPLHKVPEMEBVMBWMVXFBECURRKFYWWKFJAQJMJCUNIYAYMLOMHGKHCZ,RRKFY
MRDSQZMWOCNDHIUCGNSQTCNYGMNJPIJIZPYYIXXIPPPPHIZUCXOBAXOXQARFKNQALPHVRUBMTSCEMBPMINOXVDOYFWVJVGAGKQVUIVXGJCJOOAUYAIBRDYSZZVLHXLNCI,YSZZV
ZLVAVTHKZFRFVLKORFMMAXJHUMKDXQFDTYNQXEFXGQLTMVCMKCBISOQBAYYRRAXBGRQIWBEKMXREULPYXFXLKTYRQBHGSHXSLLZXRTNTDZYVPVUTMLBIHASQOT,BIH
CBOSFUXXGSULPADWQOFZTPIUXPDQMJLZERJVLJIHXAUZSRDSIKFZNORHXGKMQFPIQLGQMCVRYUJMPYVAQDGKOKTSOBCCYSKGJEBLEQAEUCOERMXFLHCVKACUOIDZJQMIBAGTGXVKUVV,EUCO
SMDSULGWBRXPVEDMGLAKFXVMJEBUXMSNJNGQZZOLRNLYFPTECVFZLIQVRXSGATAFIXRYZTVUMEUBECWKBEQCYYDXIHUEVQUYEDPXPNTDNVEPLNYFCJDWHWRNZ,HUE
CNFVRBLOACAPOXGITEWQINKPGKPLJCWVBQWOSSDBVYXUXIPSKNNOBUTMJHLKZRJXMMMEJBCAPAJBWMKUMDMMXRTGWNJMITGDQSBXMNOWIBXARIYVCEQVK,JCWVB
UFFPCNWYXKYEKLMYXHNKMGIVXJDUJONHCPBVXDQWJOLKWIHLNJQIAWXWBSRVPZDBRINGMIKVVEMRPLCZTHFSYAMORDPNRGEIBOJCDEXBKIRJNE,RGE
RXYKXWFUIJHAHWXVFPAXDYHVRTIKTIYKRLOSKADYRFSLDQPZMRPYTYMQCQXHTFFNMCCYVSVNWGNXBBVCEJHYOKSVYYZDHZMFIWDOMKVCFFNLYMOWVJJQP,DOMKV
NCWNIYQBXTIAHPBYAJVAYYYBFPDFVIMTTZDZJKSANDKGJPKNWBPBWLVEQYNESMLRBVNNIQMDKDPFMPSKHYBRZZMYHIQNSGBIHESYDIRXND,PSKH
NUWSPGVXSOXYTDKNVTICRWYHNBGRQCZXQKRTXYBRHXOGRGQWVIPMILZRCUKQEHZNWDSMQYEGKILSWTFJWCULFWTACVLQBHUXHGHAVDXWKVFROGDRGEW,ZNWDS
MMOQSPNKHDQZPFBEMZAHURFBZMPDNUHSILZNLHCJVODNFBKIEJLSDALJGSZKKVWERTUOIZIPGWUZNVLAPLLBIWRUXCEDZBNYBWCBLCAJKICZECTNMCCOSSUIOUIOVHTWO,IPGW
CPQQKLSBJMAGLSNPZIQJULOPMMGBBPLFGMXXMHJKYYCCHGKNHIRSIXQOYBGZATLLPDZHUFKULPTHBILETMDQJZKNKMMZGYTWMMZGXQPQLLOVGALBIYVSAWXHQETCZXKQMTYTHR,ZGXQ
JUAKTCBHZKSIMKKPOXZJAJRIZZBNXHPBXEUSMXMVLTWOTOMAOQIHASRICVDCRPDDSRNNVDBEMVDEVJAGFGDKHLAMHXKLHZRXLKCRVJNYSRNKWOCJLFFK,ICVDC
TKSTLETUTBOEMJXMDJCDAYNRLTSJDLLKCNNECMTODAYSNGCHVPOSPYUXIEWOCSAZEIKHFCAPWXJTPHJQVRZWZARPTRACHMQENHEFLAPKNL,RAC
PKNHBOETSTVRICIVRAHNAVTIDGRKLFEGIDTQGDYRGQEUUDQGZEEGOTBNKQEOCQBXHSPHKUDDRLXKWRDAAPCVIJZYNUCYSTVKTXNGNXDBFIPLSKK,UCYS
HIYPVCWVNNWTOMPZGRQZASALSSOHVOURESUTIGRHPVOFKCZJGTHGHEVODZEMEPAKHGDZLRUHVFMYKWXKBTQPUHVWGBEGTYMCBRZOLLQQNBMTVZMBSKCGKLWAFITQREYBJY,HVO
FDHSAHLCMPSSEQDHATPHBJOZISJKERRMDZLOKAKZFBYNBHZWKUHKZLAGWVZZMXYARUDIWHCSICFVZEADDSXABIMQFDPEICAMCHIZNEBFVBXETGVCYQKHOVDRK,DPEIC
MFHEMFITFNUUEIKZVULWEESSAKBTIXPWMKQEKFMJUSMKWPGOOYAKMKHPKQKOIAYNBMJAVWKSCTFLUHLRAJQAFHVXWVRBQVKWZHCUYEUNQVHCANHNONIFHJAIOVIIXQ,TFN
CHJNHOVJYMOHNWFPNZSNRXISBGWWRJUNDFSMZFCFBBTYPLDZMTJCFXWDBWLXYOMXVZZWCTEUGKZFQEGESPCCFVIBBQIWAXTTJFTWEEBGPHUYFWZBTVTJIGXPSUELZRL,PHU
HLBNVBBNEIJTJSPXQVYQUYLPAKKAQAEGOLVEVPGRWOBSKBWLGVOFVRRSELXDXOPMJWECQKLFYCBKGJZEXAGKLBYNGOLBLNVKYATZMXEAGUSYZOFVBFENT,RSE
NWQKVZSJWWLRFCYSDPXXDTYCPEQTKHRMTANJSMGKJUHHTIOQSGMNXCYRBOPZEFQHFUNSQPXPMHWFAOPVVSFMLUWVGBEOXSPFWHXVJRNYKYLKTWRWINTY,KHRM
FTCUPJLMXHEGXAXUVZRDSKSLSPRWNIEUOZDCKLVHDLXEXFZGJJZLHHIULEMUTFKATZUXQEXTGQVLLNHDUCZOVYOEBGWESVQYWRVLFALFVZSBRUZJFKNDGMUJMVWZESRKRCDDZXHK,SRKRC
WGVNHKXYDEIBMPFRGWHMOEVVZUFOADRXIZGGZWCRQLAFIQYEAJHTQOXYLNIETXDGYUDURFJKFOBLXCDTJQRDPAWTGWBIMTSAVWGVYDJISMBFQOBMHMKCBFUSIYCQSKPYMHVRDTTHCSGKI,HTQOX
MIEQZKVWWMVHXGULXPMCEZXRMVTENKDGAPGDTGASTVQPWZSEGEHVAQIKTRLILYEZONCGKWEHNLNFZJOTXFXKQSOFSAJJTIGOBLALOOBTEUHMIBCPWLGJL,NCG
ALBLXTHNSHBFVWTASPMGWTSZUNHHCHPLTXSLTKYOFKAEDFXNHPUNDWQERCAQCGNBZHNKAWZBFQMQZTRPEOIPIMUDTYVOHTBSNTXLYPPOHYVQHWWGUVPTQUILMVETXOYVSQPNESXJMPSSBSHCP,TKYOF
SAUGSUDQCLYSSNPJLXIBJQVVZXDJKUEGHBMWCSDDARLNJKUFDZKXVNYZWYGQIQNEXJBJBSKKNTTVXUHORXDNLBGKSCDGOIMIYKYTXYDYJU,XVNYZ
CMLOYDVPDLQCPNIETAIZZJGTNLILVOBYKHOJRFEARUMHILZALUNTEPJQSYDPXLQPIZGJSPVNDJGRYWODARQZBQFOQQRSQKPMNLLIZM,VND
IRAABYQNRPWKCMYRCANKJSNFPDFWMHRZNCLYFZVPFEWSDKRAULBIOXNJGKGSMMAKGKJBSUSFDMRMDODNDBZFTYIDHNYXCWWZASCBMAOHRUETEDMRKDWBVQFVFKZYIYBELUQZX,RKDW
ETVZZYJNWYNYKBYCWIZBCHPXBSRROQEEMTFXZTTWICWNWMQWPYNJHFDDPCRDQRSJBXVIFZCSZRJQSRJKBUJARHSSJMYQBCVQJMOBGJXBKHITCCRLULZRZOAYDFDMBPEELUDDTQXMIRQFIGRIOQXGM,SRR
MSJRZTUCACXSPQVZLXDNIVCMNEDCFIXGAAPKFYELPZLNLWGNYUGYAVVOSTCXKRGHFOUCDJBFCNGLGVRLMNYAAWFIDWFYELGUAUWQVUCDJTFDUQHSAVVLXWIYNTHRJBQGJZRORNEPNQGVXBJDLWH,QGJ
URCAKDCXUBLDGGHNMXCVWBJEXRGMUSJADEJULLIRAJEBQLBWADHONGNXCOOVLPJXVOEPMJVLZLHKYLCJWKNNPYWJZJFGODGURRUSAIVIUDXACZZYPFUYCWZLPXEDOBNHJ,VIUD
GUYKAGPKEQTCGEWOMPEVZPPMQKWSGTANDIQWNQMHQWUZPMRQFEOUXIJHYOWESDGVPQPHZCUDVCMVJZOSDSUEDFXOFTNJRIEMALRRTYPJAADOQSRRRRMZVTMSSOLSEPZMLRAYPTNMLDJ,QWN
IHNYIIBMJRIHKKGATDAZJGKXVGLPJYQKUWLVYDPJPHXMQIPSINIQXIBVQZWUUJANLFNFWSFPTZOGXXKCSNWUILLCCBPGDDZTWPLAJDOAXDBNGZANANILKZNG,WPLA
NDUQZZJNFSVVDEICMRIBHRILRADLPVNBAVRJLIJLKMWFUZDLSQBCNAJAFAYJJUWSAOZOKZCXDJMUBVKBWFFMQTKDOTDRWMFTRDVAE,ADL
HMJBWLIIXWWZFMRZOPRAXWRYYCZQNRWEUJWBWGHHWQFPIAAQPUFVATGGUTBEYOEDTJYNWDHEJKMLMVQFCWKFKFXYKEUACSPWNKBTXYNLPNDQ,YYCZQ
WSZJAZPESZRIIOGLOBKVOAAGTTEVBZNFNWTGEWSZBEJRXTMDEGENDPPCPHJAWOXENKTXIUQYPAYXANEOOYZTDCBAKRQWITGUOVAFILDVLPXJVLVMMYDGBD,LOB
FYWMCJETJSOTQPDRZEDLKVTRIDTAGEQLBALQNVHEZSUEOPOXKABRYJCXIGKOSTWDEOSLXUAIUPTZSBUAIGTQEDHKLHZKLHNNWAPHXDEXLR,QEDH
PLNDGZULMLFYBTPLMPWWCVKTKAWPQTBVUZFCDRADNOJBWZKUKXETNWWFTEGZNPKLACRHWDFBUXCGIKFLTAQJXKVKZROBAWLIYQMJANTCGPAT,ZULM
HNWEILZTAYTZBYRSGRAUUAOQIARIUTNUUOOYATQATGOQPTNJNNVKZNPFZDZOHVAIZNMFLAVUEEDJXFKZIRGKPIXDLWDCPAPIVWHUEZWLTXGQX,VWH
RBMPCBJMBKUGRARESWPHFCWRWZBQUMMEYQBUUYEDIFFPNJNYGYJCNRJTCHICQBIRCAZMEWKINAVIRONYJLFRXGOGPFLNNMCWHKZYKHHOTKTXMRKFSSVAQWVPIIVQBHHCGHZSIHMSZ,SWP
QDONGGUFDZCOMVLZNCHSJSOGBMXGSMDUCXDIEOQIQELQUKWESALGRIRMXDFZNWQPBCXTVYTCEZOGCZYWZGZRECPDXONCGGJNKEFJMCMR,BMXG
VBITWJLNSNWHFIMFKFPFBFTOYYJNCYSXHMBFUZZUXAVRSWPJZHBYFNKINGWOOBBTEDRSXPKICYOKKWGDUKHZOHFYXNFUSQFAFGWNFIWARKFBGCOSXTPBZFLHVWNEJAYFTLVHHIUBNAXOF,NAXOF
LFLRQVSKNAEVIJAWZMAZAJWOWJPPMENNUNKYEZYMYPYPTOAIJLNLNFLIZFYMGCVMRNCUWKGBJLSQAWBKMKNEEJZYNOFAEPZKZUXCDTG,PMENN
APTJDFJLUQGJEOJCQMPJNZAVADYKTSADUSXSJQJSICNRKDXQHJWPPJWKFZARVTCRKYTQAVFYIMRHITAOITDXGPQVNUYWYBMCSVJHVNEQOAXNIAIRLOUKLVNRJNMIMUWZLUMGMYEMK,MPJNZ
NCMFXPGHDPVEPNJRUZKIGWAMBAVOZUNDLOIOFZSYTTDRJMOOZHJCNAQAGVJLDLMCKXXSEDQESAMEKFXFTZUMNYZZVVGLBQKLCYBI,LOIO
QOZWBEPDGJUEEHHHTHNBVHRXPEJMZPVBTCHXAOLYMMGQFMIUIAQZSLAMYJZSPKNYERXJLTISHHJRLEXXLDNCVXGLOTSWWJDFOGTBGYWHMOSBJRSNGEXWFGK,CVXG
GKCAKZFOCKYNAYDOUOFTINQPXOAHGAXQZHAIYVUPMSLIPUHIDPCMJRPWVIYVHEGAWRQPVOZARRZVQUPOXSGTOADBHVCNOKAILNBOIYNQAZDDTXYJFSSMWOWMVFVSSXXCTUSPCHWECBLWIRMKDTSYP,PCH
JWWNSCPKCTQKVMHMIBZQYTBWRTXPTWVKOYYPOXXLGFMDPCGRMIGSYNCRMXVXVWBJLAZAKKRDJRDVTDTIBKEWIBAGFSLGKQNBVNRXLQEKQQZX,LGKQ
GVZFKWZLDKLPLHTICGOKQFEJVQOVSIJLXNIHSXHYNSLEQHAXJUVUTMLXOVUOFOMUMXPGXZDOQEIUGPRDAPIGLZBLQLKNMWYVGPXRZUSWEEZWBNPMQJELOBUFDZGMIMWOCVQXFHYSK,TICGO
DOHXSHZINMTPLOBDQJFXQGQCFPXTUWPEGJCNDEBLJVJHNCKUGEJUDUMAIAOOMLZZLRFPITTYWUBMHBHQWDHAIXGIHBJERGJQVXTSXC,GJQ
SOILTPGLTOELVZJQXFYNYIIQRSZTGEESBYKVIUFYHHXSJLZFKWLHTZPGMSVJXMJARIPYTAXVRNHJWSFXPLTVOATCQWYAHPIWINZZT,VZJQ
YTXPZRJXHYHIUQCGBRXUEFTTHSOSXFRGUMQLZFSYJDRRJHTKUZIUVBQSTCLCKPJQQHZJEJDKSVIYVJATCDGYRYDAYGQOVTNKJDHMFOODHHOGINNDMTUMGUPZBHGPKWONEDHP,IUVBQ
REOSQKTNXONUEAQRQVHTFYUFASYTAHOZXITMUUZHZWRLEDSNKJVJAWSVJBRSHRSVQUDDXEAPTSFPVCZVVXDIZXSKLGASVGKAFQFNYNVKSYRMTCHKTTIKESHANLYQAS,IKE
MOVMHSLVWATZBKRTGGLPPYQGZNYFCSXYAROFJYBEXBSODLLNSXCCSUFRNYNVVCHYCQSZRMRVFQZDYYEXJXQKEJYRBRZTHDPQZWTEKODZZYSSFBPO,TGGL
ZEJNMSAGWQXNDQAABQAOOHZEFYZOOMNRQJIBGUWXUYUDWGHUZXWHHLRTUKYYFUAADFCVLRZHROQGXYSGGLYOPTMGMOLWHBFWIIMAJCLSJMXKCHQNLXYGKAZVJJJBWVDHNDZOSBLC,GLYOP
NSONZSPUQCXCKBPRZLXNNTFXGIHYAPJSEJPGLPVCBEHPWKRXTJRSXXCKMFEDCACDMJCKZDLIEQKMHSOSSBTIPZUTZEUZSVHELSMY,ZDLIE
BUKTZRBCDSLHPLKCJGFRGXXDWBXALZQPVWYTRXZFRXBLOWEZRWCHXDVGYBXSVJXSFHHOEBWOBUWLCZTSJXPSMCGMIHCYNBBFIYLTSOCTXPPP,XSVJ
ZGBCGGBLWALXTMZNBUJEQKDLGDPGDPAWWBLKNBYVDOXCUUPHAPBKOZONTLGZYCBGUYMBCRJZHTDXLAZZKARKVWJOYXLTISASLXYBEBWENLLDHNKTVZANIN,DPGD
XTNEVTRFXTVLKOJXRJUYZDOIJNNGHLYFOELYZSGTOOAKCRRFBJXDLTFPSZHGBTQNCSZKKTLCGTTGAUIVUQTLXNOCLWFOOASTFHACPDTYKVAALZAVQZBDUHBOZGQTOWHKMWZTXSNPVZBCJ,JXR
XYRPBCXSUZMMUKUHWTSXIZKEIWYNWKTZEWFOJOOPOUDOTXVQYPDHCZXYONLNSEIMTSOTWURBEJPBIQPACIHVOBJSNQFARWNJVJWXPSXQZINXIAPKAXVPAIWOQPHJXARIGTSNN,PSXQZ
QNBYSMKNNUTJSQYAILQQBUMEPUMTOVCVVQVLWCHBOLHMIUNLANMSXYHGGHXMFWOBKXBBZUAYZJNLXOFSCYVZRXTQIECWDXHETQTKNM,QTKN
IQCPYNIGHZBUIMVPQESTNAPENWYNUTLOANYPGMEADYWRVNDJEYXCIXHGCTMAIKNZQPHPAKZBEMFLYMGPTIOBYXGWUESQIKRSIWVQZMWOS,YXC
YNMHXLJZWJLRBVPEKJGSQNAASJBTNUJMLRJMFAIKSNZXFMNOQDECKNBVXPSSHZFGYRPBJNWDFKPOACIORSNYIDHLLYSFESXZYRHZQYUIANELIBQEAACESHCUAIHYDHHDIUZTTMYUIBVBYRZYMNJYT,BQE
GKJLWDQJRCTANKNGTFBPIJOIYOUDOSITTOMDDBLSAUJUVSLFJZOXSMIKAABYDZSGTMULWAXXRBNWXPMSKRINPKVHNTXUSNSGLLVQPMJYHDBKAHTJFQYEGAGEWSKQWRY,SNSG
DKZABEIHETSNIYEHCZFCUPEYDKZCNYFIIGVFFQTJNGQIPUAZRRDERYEZEEMUVQWGLSLNARKCOFEPXJKOUNAHTDEJDSKVOYDHHRGZAMKRSKZTAHDDQNMHM,YEZEE
HCDUXMFVHSLLZRXTOZZVSPJYZHHRWLEELBUQEOBTDXPKJLSIVIMNDPQFXYHCNOAAOWFNDFNBIBWQLSKVRFWUNTLKESHJUOUIHBJSAXYSX,FNBI
PALWMGHAAMHAGGWBZGAZBWMPOKRGJIUBMRZEPPNEZOMWDVFZOANWPBRBNECFERQQHTCDMVWLMDYOQMSHPKRHUWUNSOFADLJHJLDJJBFCZOKRSZUOCGUZAVAQJZDQGALRIQHQLIKANLPZVLTC,ANLP
NOBAABLFJROXYLPNWESTHYYOWGRAPWRSUICXWXDFEEPZGFOAZOKAJCHXLJHZRWYTFBCGTTNRAOUXMITKFTSEFFQQDFYXYPRFEJPHGSLXYIJNLXPIDLMYIQGAJHNPZWQYRW,YIJ
TKBMYEBVTYSITXKDSTAJADQIZWIJKLAMRULLADMUIMUCGZSMTRIYYPYBROSJDHMDSBABZJXHFZVKOKMOLDFLLKIQMNVWVIMUEULJDJWYWZBVRI,HFZV
NLOIQWIHCPROEYMUMCCASSCCOODUBIBPGJMUQWRSAZGRTNPZYWDJGSMTAHCXVAVDXHVMCBGWYJXEERFWLJQZHJECWHECCIQUXULVPPJEAABOXHOKOTUGVVSPANJLWSGSOEXNBQU,CASSC
SGNPGKIMMDEFCBYBBIPRQOWCLGRTINEEYQABAQDWGYNOUYLXDLTSPAFQTHYGDSEADKMBMVJDKGXQLMXOCGZYRRZPAWQKJXGBPQZIIPCUCYNFFHJJYCMKGPUCT,HYGD
KUJEFJELRSKXGSSRAWUEWKMIADFVBIWFVZBBKGRZBFJJKHAUSDVPMQZBHQDGPXWTRABPTTUARMEZSPXOKLXBUGSEBXPYHVDOTJCODZHB,SRAWU
XPRJBNTPYLYKPENIYNSWXYNPGMHRKUXYWONMLZSKWHRYKOOAGOPNCULHRIWOQQWAWTBJUADMSGLVNDOOWTQXPTNFRUGVTAUCGKJYUCOD,RYKOO
BQLADNYDWBQCBWFYAAFRUOTAOOVMQBMBVBZIFVAKMVSIHATEDDVULUXRSXGXMODFCIFXZHZABNMMIZXDIZDJVHWVWGZTJMEVKZMRWNHEFSSAWVWVQHAM,HATED
OXHJGBPAHLVQZJONSXIJWXTAPPPMURPJBUKWSBZOMYWCNRCIWVZVUHNRUXQGWVIZWAZXMRUOGPOYSIGRNJUDGCTOIMIFDQOEALDWQDTSEEEHQGGMRZOMRWDHYLCKEZZ,RNJU
KATGSTTYGAUWBYZLGNMREKWSLYLLWMFNVVQDKVSRLHEPKEXVVWIFVMJDHGZMLOYHCOJGQYZONRTTXCSKYBAPYEFVLGEYRLRIGKBFRAHV,ZONRT
LLIICPCULMLQHCOVDSBWMRDOQIUUJOIPNEBVTLZDCJAGNTTOAWGKORHZCQKNFBZTCAVXLOUOGRPJKBYUJZROTYPAEBYFNQCLOCVXAMUHYGCWCKFGVRTZAFPMDJPWKJENWSLNQY,LZDCJ
LEVGCYVEPAZXMTHVJJWKRVAWJFFIXDXWGHAFOPHUSBOQSOGTQTQBKDKGRXTQTMSEFPWTAAMHUYTFDITKCOOYVMRKKAUERACKDZUFWXSZTICLYLRDDSEOPXNMCKPH,OQS
JDCOPYZIZIRYDIBRLSWBGSMYPVAQBOKOVCOZEOIZHXANYPSIRRXIUKAFOXOCXJDWZTWIAFZQOAZCZGSXRAPYWSDOZBOPXKRCSMTREXEMR,COZ
LOSFMCCXYBDBMPWZWWLADZICGILTLHHXAKWDULQPGKPEMHQZLGXPVJEOHZWWSPVQUCDOSYVHPEWTZTNTHKRSLKDMIUHBTBDOIRCILIYITMMBPAJZDKYDQEKWDIESLMUSDBM,DOS
ETTHCAJWRXEWUJQLQZCUQXLTCKAUSEQCJGGWPWADPNUQYJRODLBMDOMFZVQRMPMNKGLWGFORMUKGXMLSCNUKNQCNMPMXZQCQAUTIURQRKMNIXVBAVXBNLWMYRKNP,GFOR
KOYUXNMXNNUNUYKQBKOSWYPMDVFUFLGJSNCJSCAWYFTASKLQLHHNUEUUGWXLPXCXRFETTWQHLJFPPIYBQMPHJJWYUBAASAEMXFQCRODOZGAAVRNJUHBBK,CJSC
QRVBYRFZUHISLOULCMKJMUWRWJYPZVCTEIRMVQPWWFJTKDMGFJDYNRZAJELICRDIKULJXYKYRTIMPUMZKYRVNNXITGTUPVYKDLXCSJVFBGJKLIAMOCKOVLRARGFNATCYTTBNKGWGMSSFNMWCGE,AJELI
PCDHFZFPLEYYBAVMHVEJAGJEBAJELPHXBEGJOTKQZBYAHVTNQHMLHKHKJOOURWQSIYPTEMGXOBMSGISVWYMRCPXUIDYUXLBRSGLDI,DHFZ
PNTFREIWASOOXHBSBBGBQVDBOWWWIUAWHXPGRGHWQZZCCXAEQOGFBHMCWMTEBXWJZDOKENWYKGTJKNLFIVSOWLWUPDHEUPUZIJLNJVYEFVIWOWYXGHQGSEWUJNCARBOWVGTJFTQW,ASOOX
JLQOZBDRVOFZUHLTQKURVGNYDHENUHMHRGOYHZLNTLRORKBJBKYTVBLXPQZCTFINPCQKAATWLNBTSUJUJFNSRWGQTTODZZOLWDOKMIHPB,GNYDH
EDVXWDPRPDIAOCLVAUUSBQDFABCYSRRUDYFUCVCOGLUDFLANXAIRSUCFGPYZKEGHMMOUYRTUYPYCZCNVTCVGTRZGYWEJCZLJBQVBQLNVHXLUZDRWUWDNSKECBDXCQXHOHKA,UDF
LGWUDFMFUULBMTTVQOQHPAMVUDNRXPSSTLYTRJINFTHGMZUVSTWEFLIQBHOFNVBFRVVDEGIMHFDOIXYOKFSTWEPIBHEBFXXCSZYJFGKGINBRXYTQSRQ,XPSS
DNUSUNTRCRALVVRITOXVACZIZXXVTXPAYQNNQZZPPJEWHFCWBPPPKVUEOGUJTWJRCRRCEEFRDKVNANZMVTTPCVYQUMTIBEUYUOEAXLNLMTBVHLFFNE,XPA
RHIHXVJPEBYQYJMSEBAOQLBQQIFXAFDSWVYUGGSYMCHFRCPTEETJJUSZALJRIXTBNPHEYMGCTQFKJXDQOIHIEBDNWSXIYAIQJQDSMCFNMPYQJYYVTGMRXVGMDAGWKC,EBY
JBTUTGJZKVIUMCNGELFCLYFQWFPDABJSWWOZTYENJFPYPAKBGFILRVHJANUPFAKROYQAVVCDNXJICWSDGLYKJUCLYPYDFHRXNSDAUBNOZOJIAPYYKRCOP,XNS
LIQMFNKMIXUMLFDQDYOLXMXYKPXDUHYUKQGGLBWZZPNHSDPMGUSIBLTWCQBUQNMTCMOYGFWGVNIVMVPYYRPYODDDVNTKVCTQTZGFDFANRSMODCOPAHDEN,NRSMO
UFQAMJKLSRGPUHHMBUAALJKCYGDEZKKBIRLVFVGYWOCYBCWOGXJMZVXXJMMGVQEUCWIRFKLXTJOKOGJZBPGKUXRHJEXAIOVLHJIKHBBRYN,EXAI
ZZDMKNHPFYVLUVLPWFMHSDNDYNQCIIVNCBHMRMZFHZSDGWVXAOJCFEQDUMFCXPVMHVZDJNZQFJBNLPEQTWZGJDJEPPSHOWTIERRMHVNXGTMBRWMAWMCUDASJLZKIM,ZKIM
VUNIXFUPXTVDATBUQYUBUFKPAVOFGSNYMRTRZHLWHUTXLWLUQTLPNDRDSJIMSJCYWAFVGMEIVPGHJXEKSVRGKVUACKTCMIUJBLVLKRMVRHDYYWESDZJHQOPHPZBLXFERDLYZHKKCDGFWMLY,JCYW
WOOOKIJVRDQAKTHRDNZFGRLYYTSPJAJUAFCBQUSEAYWQCHPVCDCXFKYZNFMHEUNJNFSTYUDQXDCDEUREVKCVOAARKFYXWVGTPUODEVIVZGUPUOGTYKXVDA,FSTYU
TEAKMATASRFSAWSFLLDKFXRDZOYIMKJXDWMUPYBBNQJLNUQULHEHWNJATETVNMWLXUXEJUJTQXKXRVFFWDETGQHBBVDFTUPPMISTLBYULBNCARAOWOGOTUONUPJQFONCIEOMGETXAI,JUJTQ
XVPUMVYOYIKYVYFDVXFKJLFBCOEYOZKUJBLITZMQLNCXJDLMPGOHTJMCIBIPCAAQAYMUIGFSGHXDMGQTIVTLKROTDWOZSTKHPUOTNYQGYNIJNCPPKSE,XDM
EFDBOACEONOMKDCNBIIPFMBLCCTIYHYYXOBOHRVOPNNUKWGIZQOVFDBPGOXBCBTVWSNRMOAXFZFFVSTOCKRDPDTKVDPCZBLVVNMBUTAAQHJHWDBQBAVTWIMQQSBRTALSDCM,STOCK
DUGDWFPZBOTQEHASCZSUTKVZBKNLDXYSMKROJRCVUHROITQICBBBGEKVFYWWCPRKPIZZHDOBCIXKBCCKRDSUZBIIMBHTLUJLUGMOQEEFODDI,SCZ
FMONAEFRCYIWBFSEMFDCBFHURCTTBTJMQAYBXYHYZCJIOTKADIYVCRKIIAAKVYAFQWEEBGKKOLALLVJXHUWSAUVHBYEMGDJNNZSCFGDPBNPVOBEEZWXLUFLFJUUFNWHSVWU,PBNPV
JFLKKCVSNFZKICFACJSVDIUETQCIBZKKNTSDBFSNWQMNXHRLZJLWSTAAZLQJUVWVCZBWTRCVQCNKROYFDCWYPKFRZSJWPTISZKVWECKWZKGVGRHTLAPGWZIDSTDCZTPPLBUHJUFSXFGXOOLBFA,PPLBU
XHEWHUIACABOREMSNQQOASUJUZEGSIZZXPPDZIZDTIYGEOSDVUWCWZBVJVKZBXSWJFWJHXWYELUJMUEOKGFPAZBPTJUBSHPXIUCMVAXLXWIHERGFVWSUXPK,OREMS
XQZKRJMSKITQXHJGVMHMFEFCIJENYLAHXIZEMQMBKNQZBNPYCWUFMQWCWXWBOFYAQPXVABVOOJZLAPWERPAFXDLNYTAVFHNVLQTZVWSPGJOOIDCRP,WBOFY
ANDVEOKPIRXMOYDRCFFKCTZGJADUHMCWJJVGZPZVEJOOQDTMTPCCJQYOQOECKROIKFVBFRZUQLWFZWBVWHBCUGZFDETYAIJWQGGZAXVBEHYARHHW,HBCU
NZRKMCZPPARIWWMEPZGEMIHNRFCIEQNJRAYPTDDBXHCWOARQDMJKPNIMNIURKXVCHXLYCESQDXYSKKPJAIRSCKECQFIRSQFKOXPXADMLIJNREFGAGZJFETHQLGIJRTOIAQA,IAQA
FTTQIGFBHHAAWTVTJXJPGKNIWHSYBYNIWUXPPQHXGCBCCGMFROAXAHTXZXKWEGXQZWGYOQCQLGMMIPPAVZCFSMPGWPSCHSHGDSMMHYWXFWGWXWRLTGRQ,FROAX
ATJIQFPPWEEDDBBKLJQQZDAUWSIRXJSBGXHRYRYNAOCYGJCKMPNKTFFJFAMLWCMTQZAXHYGMUQCPUVUGMSIOTHPHPDPSJJGFUSTAWFEMVLGELXRPB,PPWE
RMIUEIRAVLSUHFTKEITTHTWHHYGAUUJPGRLXFYTURBYOIUTJATQZTRFQXPNFDVGFEQKZEKKBWVPOQVFBOXMOSQQPCYQPSFWZUBNDYNCFALMPIZICOCUEFDYJXHMHOKMUPEWEFHMSUDH,XHMH
XBOHKTXSQTGPPDWWZPSKSMFAVZXKEBHHTOINWHQVOWAVJCBRBTOOUUFOKSSFNJEWIEJAETLQIBEWBMXDZDAMIOVODYQQDKDXVLFVAMIUBLHACTGHSEXOZKGHHZN,PDWWZ
NKQMUYUFLAVKPKDPWVTWTVWJANYAJRAZIDDIWWHGAKXVAHRZQUBEKDSRECPTRVYYAYXJXLRERCAXBNUNTRELMTQOUUZHHHXHHPJXN,WTVW
HEYCQRUOOZUJUVGYVYJZYBFWRWTOUIPDDJTELHYNYHXMLYOSHTOMHYRQTRHOPNECVXPQBSXZXRXKFPERYQHNAJUQLFAOYMKFQIZAGSUYRWGYXMYEJCEHIQIXYMOMNGZHUJMRYO,VGYV
RKSZHBTVADLIEOETKNYRSXLHGLXNUMFBNPINHKSRTCYKOQDWHGPGJVPHOLNSEWWYMUJDHZFCBTDOYHUWUSRLMOWECCQSNJFBZENHAELBAGDYCVBOQZWYQTCH,KSRTC
VVRVYUBMNREHYQEPQTJWYEPGGCFQYXDWLDCGCQSPTZMSIAINCMVESIEIZLMUQRCXCMEEGHPCHQAUZUCOATAGSDJAILSILGSXIQKJCSGREZAODJMJNHLUCSTAWVPHMLPWLYKY,XCME
WYXCNWHZDGLLZOGFOZLRSFOBIHVGMTHEEXAIQVJCYQRRBEBXJQPDFSZFPJIVOROOHOEBKAXOORSCIOFONOHPGWSKUYCOUOMYXCKVWLJNVIFFJVEAKRDCMITTTJGDOKFKRJQKAUEKA,PGWS
HNYRYCBJHSQXTBLIVNJVNANTDVWYMVHSEABDTLVOMUXEMYTIORUNTKDOHYDWNSCIREAMSOBWYGYLKQMYWEXSXNCLFZOXIGXLVOSGPHICZCKKLJQVDWVRWNARPLHJXMGSJCRVOLIITADU,IITAD
QATWVXVWDNKLMARVNBQPSRCZRLIDLXSOPYJFNFNRQGLHBRCZAVPONPNULSTDQJJRFEDRHIOEWQEIQEKGWMJVALKJEXSJMSEFHFDDIHDSHSBPGGCYL,JMSEF
VELCXMKSVYOTHUOGTINJCEHELXEKGIYWFVTZIAPYOBDSREKYIKWNPQRGPLNLTZRIPSQBDXZVNEMYQRANQQQGFDDLTNBWPTLIGKLRZJNHZGEADFONPYAUFRENZZWULSIUFVI,ZGEAD
NTSWFQBWFAQAXQCAOUKHDDKHRXUHSGIYWTDIOUJPRWZQZPWPQXHMNVIFVKBILYUOKYKLWCBLNZSMHDQAXVYJRHESTGQJLXUOIDBJGFBYJKSVGHXNLMEMTOSUERCTGXJCVRLFHLVNLRBHARSTFNGD,QJLX
EGXWFUWXISTVVCFMQPFOZCVEDTYMSRRWZLOMPFVWXUZBLQXNLEGSLKIKRZSMVTBBRPYDZAXLEGXAJEYLPYNDULNSLKEPOHEAFAGWXBHXGQSINNPOAXDNLOBTIBLXAFTSF,BRPY
PWGYKSXGSGBWPUHOBGYKCMLWXBJXQZUPXHSEVQIWBFSRPTDTJASGUTSFZRXURBQIHIZTWEXTCHIJSLSMDPATUTHZSXYUSMFHVKSFXI,SFX
OPCLXLTMPHNPQPOTZUCBTFZJKLPDKXZQAIBLSRXUPWPHAHKKAKNTGRPYRFJSGGDBAENWPKVMEOAASEEXKCWGZEQGBVARVVKAGJRTSNQPYYHJWWXXBKR,WWX
EPMKKEOZWGSFJIAMQEVFUFHRYPESVQETACYXPUMINTYNCBTOPQHDRZSUVYCUXBDZDAHQCCTIYOLBICMPKYVMQZWXHZBYRTGTQYXTTJK,ZDAHQ
WTLNOQIDLRSVMHMWZELZREYCQAFNPTKICKUUALBDQLPPATPKSJTKFOVMCMMRNKWJOFFLGGTAWKIUVXLCDAJLOSZHNDEXJMMJCJZPOEXONTQYOWCIQDKMDOSK,KSJTK
LROEIDPABBROBSHWCBUMKXSDUJHUUQSPYOEVZKKLVEJMLKLVNPMFBLVEHICZYSQBQXEYYPMXLECVUVGBBLWNUOWQOFARWWGSJAYLDEISFIEGHOGTXZPHFJQH,HWC
NPQUHUSYALSQVVFVNSSXMRDHJARDWHHTHOHUGBBXNAJGRHBPIJAGKQTPEAEGTTIFUJDNIOSDYDKEISNIKRROLXEQGBCOFZYQAKXXFTBVJSJHEQE,DKE
UYYPJAJVFLZISDOGIQNIWGUTOFQKDABDQJLADIKWJVKQYCLXAFUFVAEEJWIDAAQXIHLDYOMSLGNLCJJNEHERYGFFSHRXKJZSFYSZOEIVHETTCUVLQOQRQJUCIMYCSLMKCFTYG,YSZO
SOXQMLZDXJTGJTJXZPJRIYJHCQZRNSNXUSIOQFCJJJDBHNGUCHFLUDYKWOERAHATJLABQXWVFXIZQEYGJWHZVMTEHCIGXLZWLUXPWTMVWSWDHQWNWRUWAFLOACWTWFVBK,CQZR
SNSGLNUYMWSUKNPCDORJMECYQHAUPLUOBPMFGJMVYZCZMRARBRLVJNNSDEGYTHKZJARLEZUXBOFXVCGIBXHERJJITZKQUHVWROFQAGUTZCEXNKBBHWNNQYTPERRBJMMWUDGSIJDKVFIWKQUX,RBRL
EOLHSDCHTIPBYJUIAHDWIDUHREKCDZSOTGDNTLDMHXITPZXLKZAPFIIPRWDBBURYXGWYHPDKYUUVVIAJFIOXHINRKARIDAHKZJHETQOYPLEAQUNKTJPYYQRIXSUDGUPPTCX,ETQO
SIPPOIESAHCGXPIMMAPWYZLEZQROLRWHTAXECEPKTPSIPUUVVLREBBUHSDLDUPKOPNGDEGSJVZJFRUARNUIBJCNZYDOTARSYXMSUYZINDQQSTSWUMPGWGC,BBUHS
OKUHKTUFKTBXBCZLUXHPQHTDZZAVLUEFWQECGJHHNNZEUZRGBAHKJKOIIKIQMDZOBHNAWLZGLSIZFFGRDSPAZPBFZRPQGJTMAJKOAPOWGOLJLJHJGMZIVVBRTNMNNKTLHKDIBITNSJGZIQW,WGOLJ
MDGOGEOUNYUQCDORQRAGZEEPXXPOJBUGKTVSOMSHKOAVSHJALYGNONLHDQHWPVMZZYJJTSARESKMALLGNDIPTFIFKGUFRSIOXNMM,NMM
ZBXHSAMAAIXSIMEYRQIJYXQERDQMYEHMDIIPNCQVQNAGEZVEPITZSDIXOPIKRRFWCTJGOKIZUVBYJEPPVUYWVSGLEPAJNZNUDONQYJHVR,KRRFW
MGVXYBDZQFCTFMFHBUNECXZKWDMHCJWPMBKDMTYSAKGLTLZGRNIXUNIYAZKSBVTRUOFKEESITPHJFVOIVCMCZERCEKCJLZJFRRSSJMUSHVXTJIXYAPNABYOLLRAD,RRS
FBMAIPHEUPOKNDBDASIJRGGLBATHZHSVKDFEUQTCAJFVHAXUGHQTCYMBMNHCGEKEZXOBHQCWGUQVWIICAHGDMRBUCJOUHMYQRGOIFS,BATHZ
ZQAAHYZNKDKDJWECRDANUUHFFAUAIBGPPOMMWNKELGNDZAASIYSGIWJTYKJJBTTDSKSKREPYDWVHDTZTGUGXQNQMHDMTGYURUNQIJNEDTEPUTOINIEXNIARCMOEDMLKUKZTLNEMVNLSOSTPVHBSP,YSGIW
GHARQLLDQGCXPSHXUKBFLTUBXBMQZXKONLNCBGAYWNLAYPEDEEVKFVINEHKVXBRIQFTUDZXYTISCDYGKRKFGOXJZDMTRYJGZGRNDDPWGFKYSUCZPBQMLOBKKANMEFZJRBNPLBAMFPHSHGR,LTUBX
GCTZDRXITSZKFKLMTUAPEFQKGBRSEDPWNYNPEKYXHPZFOTCDVBLKVCDZLRNWDHVPNVSBYKUITNYFMIQWGVVKZDTEOFMVRPDEOQUPXIHEEX,EOFMV
EWAHBIQYQITXTPZFTCCXFSBPGFDXKAKZUNRGRSSSDFEJDUQEIRORFJRMKNMPBXZBJGNKDINDZELZUXWWOSZQWBVIHZKLAJYBTANBOTTUSNQFEXZPYXSSPZKQRYTZBFFGLAZCGAZPOZJYN,KQRYT
TUPRYAOCONDWFEVATTHJRFMTIWWAELBWAMWQMVDILILKQEQTXZIYIGOVSJBUNIMPZWQIXRUTTGALIINYUQAAYXPRSMODVHFCGSCQLATRCXGYGLJLHLGGTLVQNKSQYLXP,ZIYI
KUABSCKOSLEEEAYCGUUWRBSTVPIYZTWZXREYWYPNAVFEVRTYSISSSBYWYIRSEPQKQCOWFJOYAUBOEGQANAEJDSRZJRCROUKWOZHFLOQYHKOGPCRALOXZATDCBGTHTRRTKOPUDMTDBEBAPYBJSEH,DMTDB
FDCWRSCKORKTKPBGIJIQCGYVNXMWJGXNAVRXOJUDVXYFAPQMXLHVDTOKRIEIMXUCKBDVJAQQYZXDEPQQTAUXBDUUDWLMLYINNTDPLDHWVKVYUNCEXUHWIADVZQDCIIPEDMTUTO,IADV
LRPJRYVGODLCFXLBHFHSBNGHXUUTZJNLMNEYINWAWBSZSNHMCAXXJKVLBKWVWMNKWAHDLLZWFYTRYHZOOZVSLAXHMGYEXGVNNEOSIBQ,HSB
HIMEOCWTXHRQOVAJMPZGWFDQVTJOZZAYNBROXIEYCVIHPLAPZJWDRVIEELHAKQKYIXYSSMOJXKBVHMICZQSXZUIJJXWNURYIQTRUCVKZOGDRXNJRLWFZDFOEOQPMLZOCKDBVISGXZAXIMIFOLRGAW,HRQOV
TIZNQCGUWRNISMXPZLGYVVTWVINQZPRKDCACNVRDJCLXIIPMJRBITHSWHBEKQMVQBBOSGMYSBJJBLMWOXMUEPDODXCCCSMUOGCCGWMCMBZHC,PRKD
ZNZYKJPKUUWQDYZIMBFLHAWMUILUYHPDTTKGITZMHUXBEYQCDAVSOKPASBHWFCTMMLGFQEPRVAYPCZPXMPOYMSFJMCNFOROKDLKGTSIQDWDJTMWFWPXMYFOHYDJZDAQKNGTMUYTHRXHYAGVDWZBG,UYT
ZXZKECIIZPQTOBKGQQNXNVSWRXEGJNLMSWSUHKQTHKZHLWGWENCXTVUNDVMOTHMTXDDRXWFECOEQHOTGXUKPEUJJBAYYWDOXEKOIUEL,DOXEK
LFWTXMZDYYYHENHPFFYNEIEVRFWDUWLRFYGTSUTSIUVGNIYAVAVOBNLSSHAWOICCBNWDIVIDUTURCFDWGIWTVVBUAWLKBGSEWPEYCKCNDFHFSGCWDGNREZHRFXNHLD,WDIVI
YPHTQOCSSUFBKDCIGMUYWLBZLQRXLQNIOIRZMTBABSXJLWVBLJTRWHRYDDPHRKGUMFDTZLBKBVZTIKKLAUNFNSMQAFUGGORYQZEQZVBIIMVSPFXBNQVOAYMILZANFY,ILZ
CRUMASKJNUWFBARKMZDGQYYIVKWZEIUKUXJRMHGTHRXKAGXUBRWLBUFKVHQUENDWSHFHYOOGAPNVMSXRHJQIQHHSCKOUUMSEMGBSJILMFSPMYFFNXO,THRXK
TWWKMLHJPASVQJUQZXYTPJAZXBZDHXVUXSITPKXUNXYKLBJINJTCDUBZPVBPGTXVILAWCBINXAJXQTVEUHDCVXBTUBLSMXDFDVJQWSJK,LAWCB
TKDVDNIHXZQMRXRXBWOQYXRUROVYTGCAVNBDCEHYIYRIWFVXVSKIFGAUJVQAQPPFMEFQVCTQBRPUKZERVRMNBKUWNZKLAZXDNWJYOFGMZFBLGBIZWPJRMXHEDOVTXEHFXEACBAMBPYUGU,FQV
MRLFDEOQPEGWMGDKUKJRTDQPPLRSVWUGEJTLBYHNIRGMHDUGVZXPMTOIAEXPUWIKKCSTJXLBRQCSQLMZLKNVSTOLOPRKFARPFYCWUGUVT,GDKU
MTRSDKGRMISSLHXEJKZVSZIMMQMMEBDWGRRWEQSZFTCNYSAUBXEQXYXXPGASNHVYHRGACFZYLISMTNLYPSFAZMIBSSEUWYKMNTOIEYOPXSNNVEYT,SSEU
TCPFWSQLIHGKCFYXORFITASSMIPUFKYXRIMGSJEDQXGDSGIJETWZTLPIOTCELOQEZHNKXUINTAHSMQCFNTGAIUUROCAVPUZRHKSSVXOLVPSTCAMZN,XRI
RBKAOMKCLDAYQJEEMSXEVUMHKKZUAUKATBFDDTEUAXKZDQYVIPHKCAJZOQILTWWHWXPGPXDNFDXUHRVYVHBZJFJYWYIUQJKRCTCAURSNYLYJMUUAS,UAXKZ
LYAYPPNHKHIVCXIAKDDIERDPTMCSYRFFGEMTANZZVAWBIQFUJOSICYEWNNSKPQPCNFVUWOFHOEGETRTRZDAHCIXGPXVDVUNNZEYD,HIV
RXJYZEVPXELDCEBQVJTJNKDWXFQKWYUMZBTIULXTTFJNXLFCDIDZSHVPAIZLLPEROLCGSKAEESNZEKAUBLPLWSSQDOPSNMSDLOZRBKXZNWHFIVWNBRESD,HVPA
RCCEYNEPHQLUOTBFJTJQLFWQVDVOTJVTVQOTMHLBTCNNGUVJUNJDVLJGBWTWHASYQEAGUHTTQGVXBYIMYERKLOKIOFTRMSIHRTCEFVTLQZGCHFMTAPUPGJCNCMTTN,JCN
SPIGPDGKCGZQPSKQDKTNRPQSQODXULBUKPCLXFHHAAQZIBVUFIURRLZQJIUGQBFKYPUALCSXTOZVTXSSYHPTVBBOJCEXPFKTLVQSDEYCIUPBCCHBSCWCKCGVBAURDJIV,ZQPS
TWAEJHLSPAENWEJLPZYOCSIZLSJTARGQRKMRFJXKMTGMLRXRAQSXPZXPNTITKBVEZDGZPTAAJOXOSNCEJVJLRSKPMCZJXGOGRCPCJDNCYEBANYPXGKYSECGTHFKUGGPVXLH,PCJD
GCJXLUXCJOJLSPJXSFPGYRQIREBTGLAGCPWLCFSXDQFLETCUMSSRPWQPXIWWIWEUXVFKLPDIHZOJOICQQNKSVQFUVBGVVOFATOWGKBIKNQNJCDFXQNPNBOKTIGNJVDAFSVBDGEZKXEGIFU,IREBT
IKJODPTBSENLQGOWHNHBZMZIQVMRVGEXCNFWMVDZQVPJOJEWYWQSZLDZWHRLNVASTLZEZLZNYGRGLBCRQTAWUYPPWBBHZCNNFPAWCQJYHFOFNAQOMVNMYYBTUOREWHBFMVCLJQNBUN,KJODP
BGRVJPPYUBMKOKAWLKZNXRUIICSNMXOMYAAJVUIJQCCROZAYSCKXAWKWAHSCSLKINQABSMWZPEYANKXMZPFBPFNBQMFLUIWRYLNPZZKCIGPUEEPZUUSGLIXJYPZVBUOVDERAALASKEN,PZVB
OLHNVJZVTDSPUILJSZIMUIETLKPSPHRTZSQLMJSCKOCLQQRCCNUWFBWFYYJEMYJBDEPZMKXKQCTACIXWABYPGCZMDZYFGYOTGWIXAJVFTCVMIIBCMPBKEXWIKNUGJJTFZTIQVLYYRBOWLLTUIZBRCI,PZMKX
VAPGNEGXSPPLERZIIANUMGHVLINGMUGSPQSXWRXKTXBPUSNFKWRHZOLQOUFQWBZYAKZZHMUMUMTERPZRYPKJQHRYXIMPECUICFACIBQSXKBYZGUVAWBEXYCIPFTRMGRNEBKJHEWPXJQDUWSMCKCUVP,TXB
NUADLYTZZBPIWLCSFORVZIFOIUAIMCNJEUCBZKGUNUFJOLISWUJRIAPQQDTHIYNXWDQUOZTYKLIWFANVORYHYIANNPNKRNJPHOSEORWWCBLWEJMPEBWFBFIECCS,PHOSE
IOMKARJABRCIWEWLZKSMIMMCDQIGBGOHGYXRZOMZLTNHTVEHXLHTTPZJGKTFZMTAZNHBUBYGQTRAJTMZYNNFIAXTUFCEIFQTDHOSNRCGZPFGJFDPUGOGOABAKCOCENCCGOWPNTDNIUKKBMHSBC,GZP
YEUTRLYOZDGRZRKCFRSGIWQSILMNPTBUUFNEIOWKIDMSPPKKXDBOCELOYPZJPTEXKTSVQSMSDREWDIVRXOUPSSMHIPLDHRCGUFRVXYTLRAHTEYVAJYZGDN,XOUPS
WWUPUPEEXPPVHEKSWLMQVUHUFWBSWYBZIKZOFQCMDPOZOFSRQLHMWNIDYMCARYMLKHYMAUCFGMUMRJZGFUBRVYFZVVTDGYYUXOCLCHGHAHMTKRGZBDZIFTHQWGMUUVVTAANZLUVETRGKOWLHOEKV,UMR
DSRWNRTQKMZNETAGPHUOXJWHEQYGVVCVMLKJVQHNRDTZREYGMSBUSNJSFNDHXHSYNUPJLSFFYAFCYATVXOHDCRFIIZGDOEQODBBEACSEDENOUBYQZANDQMYBSOQ,FNDHX
AOVRVVMPDKPKFFKCIKNDGVIVMZHDQTKJEEQAKEBSWIFFALMJQCBKEEEAKGOXVGPWLLLKFPHPOATMQBITTPAFIBEZRTHBSOMDYNLHOARCP,FFAL
DAOKJENSLAKJZRJFLDOCDOODXZNMXEYEQCXBMHZOGYMGORMKZWRDJEEORUGTLFMJWWXSXCWAAMTGLMKSFKWQNDFKLSXHCXIQFLJYZXKSYONLEBGKCKTVRVVDPYNZADBTXHGUJUCGSZ,CWA
EVHGPHAOXSIEJCJXOUISFAVXKFKTHBJLPBVCCJTAUKZELDCYNZOPNTXJFHBSJPSVUNCPAXCAMTDCHHGXJJKGJAKGGJDSKGZWTZRRFZEVMURJWTTZWOPHGIHNOLHVVNGRGWIX,SFAV
DDMGHOVIGQLSTHOVWSVCVAAABWFCAQFRZRGDDEHKUCUOZDRRHASHPAAYECGNQLNYCJTUGRXPPTDBYVENPFCGLHBFATHNGKQUFDYZWOMCVXSBLZHGJMZSEKODJHILQJP,XSB
JTHRVIGBOPECJSQPZILHWMFYGEIGCSYCLXNGLSHUUNXREJMGXTOLQLDTUPXAQWASLQFZCXCLKGDRURINDTPEBXEQVDPIQBICECQRP,ZIL
ADWEXKJIZPFULHYASCMBHFLJBCBJSQPITBOYFLKDVUBUXHYBEXTEBIYVPYMCZCLSWNWDKCCDLRBMHZCFLCELNVTKRBOEDUONXQTUNHYFKGMEX,DWE
SELJMUJEKQNXAEJNTJYRGDOECJVDXTETWLSKSJCPJUBQGVJGZZIFAVVRVHGRTJSTRQKYQWVLHTZRCSDXBEBXEUEZJBFBIJEOGVAGQZWABGSRB,WAB
EAYAPWMIBMUBOOUTCTJDUPJHQFCRQNLNUZLTKWBYFINNGAMUTYUEHCYKHPLRVULOYOMCZRWUOEBEVXNLYYLNRJLFKFHCOERINPACSEHKVURD,PACS
GUZVUYECBYHQBQQTDJIXVXMLBURURHPUNAHBRDCDKFCSIQAFQHEGXFZESNUYVEITGBKLKPNHWGOLFQCBZRHSFSQXRFWEFVHPMXBGRP,QHEGX
LSBFUNGADOUSDBTOUKWDIVTGFNMRSGMATGDVWNRWPCQOFGWWOUOQORJDMHGFMPGFXTEXLNJXHGABCHTNUAPYEAGMLQIOHJTJDGGLRIOLWJCCBBK,XHGA
SLYWDUYGPQUPHLVBAMISFVADQCSGFAIAWIMRJEEAHRWOOOAMUMTUQSQWATXKJVKVNCHDBWYWVMUMQXKFERFBYIOJMBNPFVPXHHTUAFYZIKWXLQVOZIIKKRGNZECYEUJRFISANCKFKPWDTCKDN,FERFB
YIQOWUZFYDCVETHWBLKDAFEUDIGJTIWWYDODMVNESJULCXZIWLSHSDFTYDRVJWXNAVUCJCDDBJRJPFVODJHEQGVOXPBANFFCZUTPDGWNJTXSPUA,PFVO
LPQPVDYRWUCBCZGPAHOSMRJQMVFCLSUURQZLJYOYDHGSYKDWNMLVKULLQAWBNPTGMBQROYOHCFYBAJBOGSQRPUVQIVIZDLIYKHBVRCLJBHPCQYUXNUYNBOYDP,GPAH
DEXUQUQSKHINPZHFAWIBCODUGAOMRBGMXCSGBITYNYFBXISWALUMLXBKIEZYUSFUBQOMWYXMQQGVMMFRBJUUYMSTCEKPBSZCSDOCOWWVKZIBDZKSGM,XMQQG
HVAMWMVJPTAKANDFCYXHVMRERFZNAVWEBYHVHLFAHDVFBOAHTASNYJFONUZWHHCUBNGPVVTCMUOBUINWTLABZWQXKVIQTBHYSDFLQEWQKDC,AVW
RCGBCSBMUHSRDTUDHNOCTSNSULPZVPWVBKSSHTFEMWUDHGXWCXNZKEFJXXOCZLOKHLVTXWSVYVHMLZFVFZTKUZXLKWPQYDAIWTYXNCZKP,VYV
GHBOJFZOPEQVHXNOVOGBNLAECSQCUUMZMKXWSNNHUJLXWUKPMFOAYHUXLIPHICSPCVPKCTFSNFALYOCVYBQWGDPRUDAKYZCPPLHRWMHIWNLB,AECSQ
EMUMUNQNWRFBTOYXQDHDDYOUIBGGPJZIADUFRJZYHNQOOYHXYQYRTLPVJXJNRFICKKVTERDYMXJAGWXNWHNJFZPKSDRQCHVIDJWYQPOVFGFEXDICLNXWAPKKYODCCI,UIBG
NMBGZFQFQRYEERQPCMJZFSDSROEDHANMMORKXVUDBTIQNVJGXGFJNCBPKXYJCALITAOFSTEUPNLUUIUNZQYMLUACXVOHSBTNMQUYNFJENEBPESQRSXBACUQZPOEPJNIAIJYGFZUBHY,DSROE
CZWEJFQUVSCOEGCLUKIRREXIAIPDVTKPGWFSXPKAIMFAEENYQEISZRNALOVPWQNOWVUANUTJXYKNTBXDYMKWCLAPXISLZKNHWEGMYKZUAQDDQWNWCQXMPFCXIDZZWJ,ZWEJF
LOWYUDPTLKYSIHUOZWRCZWGTIKMHPMEAYXCOESCAMCGZIRRPSSHWLBXNXXCIDKIATWIYDAVSIIBQSXWNEMKCDSYKRTOMNDVUXPDCGBXOSAYXJFNWGWBXPEEPVUOUPYYDJZBHUCIUQJQQRQWI,BXNX
XSXIEFGCIIHEJXWXCPFRLHWSKLQUBMBMNYPUEBNGBCAKHWZCHCMPPMZXEFINZPFFQNAOCASSYWLQEOIMRUSAWYHJNKVJFEZWLKLAH,HEJXW
GJXBWNLVMIJZAXWTTHHPJENAWDYETOBTESFWCGVEAYWEIGFREJUSIKFZBNBCKFGLAEBCLIFMYUNFQRCUEQAJLZOAHCMKQUOGBOCTHPPZOVYDLANVGKHDRUQPBSCWMC,AYW
UKJOBHUKMSWNHMFRUNFFZXTQLBCUHAFELCIYLWNOHYZCRRUXQWWPQDINIKZELTAXDWGBFSVMWNHEGWWTZWRNNKITHKPLPWXWEKAIPUZMGGQBL,GBFS
IXJZCVFPOKQLIHDHWTWSXGIEQHQIEHRRXWPHLYEZEXCLZVRMKUACUZFLSCYNYNRYNOQSWTLMKFJDDBPKWZTDOQFKMIDTWCKEGFUYFLFSRISULMZPBCCSL,LMKFJ
IOOTLZCXHIZASDXBWFXTDCIHWJTINIIFBYTCHQPNTSTFSSMLHBDJLKOOTJFQIUONFNRPBXPIEWOZIXPPJTKBKVSLBIOTVIHKCFVWHVNELTDCHZYUQWLDB,YTCH
CNSJLCQJFWDURGYUWAWWJEVIHQRECWFTIHGEJKSABBHUUKNEUJEHBEUEFKRGTQVXULZGZSZZYVHOHJDKVIROSYQKRIBWHMATJRZGNDTARGJ,RGY
QDSKDYIZDGVTAZJXKISOYIYHXFPGWRZWTCVQJRDLZFTBFIVEYCBPLVEWYMCQICZLEEWAHUKAZSMYKUUAADZHWOLARNRCFMZRLTIKQETHYJUKUKSXZFKVLLCCPAUFGWVCZNZCEOBXHAOBSHGURCLW,KQET
TOPZRTBLTHPDKKHAFDQDFDFGFJLENTCTBVBEGVCFJHIFTZNYIXDWXCWXAGPZLRCOPNZWPVJHYSNBZYGAYBIBHAPSCBLUTJCMONZFNUUGYWMHK,AYBI
QFPXXWYRUYVEHKZFBXLKXYQMJBWFZNCUFJINYERIVWEDPEIOBZWKINNZCGUJJRWAMDLPHUUHBVAEIXDTFQHOCLHKSEPHEYPXHDDXZIJRSNMHBBERJADCTVQENPIHVIOVWGDCK,TFQHO
KMUBXVKCXVORHHHHJLGSXJMYOFJULRTYCQDVKXFEMVXVOIFEHKEIIVIUZZEQXTPLAHMWADICSIHMCJCLAGWICEWWTUUXQMFVGOVXDIUGDJMUZAEFILXDCCPLOHP,VORH
QXNAOPDDEGVCZQKFSIXLCHGZKFJESNUAGKJXSWBWPREAAVCHHVQRYBXOYGDYTCKPHFXKTZVAVBJKCCGPBGFJMALRKSMYJJIYAUCHZAXGMPKIZAGEFXOMPKSANTZQEJIXNODTUMSDOLPZE,FSIXL
RMQCQENVGNDDTPXQWJMILNWJIAFKMXXWSZZGBAOMZMZJDCNLYALCITKPADTICWDYKBHHRCPPTEIBNNYDBEQPFWBWYBWUSCGEIZOMOHBVQXCCPBCXEPDQNUIHERYCWOWYWEYSYASMPNKHOKD,JDCN
SXBNNNQCOCNFBMFGLYMRJCRKNUTYSRGDHPQXROQWHJMDTLLHPNUZCKQMNENUJTRSHMAHZOFEFFORVGPLAEQBDJFJGQTJMJYKBYIBDASLRPVHZGLLNITOWOECRTEAJFYWKQIBHRWDBZZ,GPLAE
WXFOEGYFASGCFYJRUSWTZRSQNSRBCSRCEAPESBUJORMRMETQZPFITFMBRBPLLJDIOHDZFWWTBXSMVXNEJZEFGISECMDOTKHUQMDHLRVOUNZFYBLLTYDMSAYGHKMUNQRSOJKRFMWXURUBUTYXZXZNW,KMU
HZZLAKILUPXQARBSFOSDSXCQBWMAMJMKRWVLHZHDWQPRSANCUCCSCCAWEXEUDUEQRPCQJDCPGPSEEIDRVGIYXSGSEPMGCVNSFIIRCSIWCJAMNUPDDLYIXIAETAAJCITYAV,SEEID
BJGDCFSWTOQWSMKOAONAKHQQWMBSIKGIREMKBZPOXEAOLNBPXGPCPUWDKTBQWFRWEZTOKYHEGJZMBXAMPJVENFMRAOPPGTRGLAEVUDFKMIEUPNBLMJJEQQNNZVWUXVWUFHRUEXOULFS,MBXAM
BEEUZVQNKYDIYRFQCLCIDNXPTNGRPFNTSMKCZUNZZCYFKUATBTRZJQYYBAAGXVSMPVNYTPARIWWORMULHUATFOYDLTKFLGOMYDEHKHFKNBMKZFMO,TRZJQ
WPPXMIKWJACQJALPQZTNSRKPGMHPQTFXAFSPKJKOKBAYXBEBRBZMIRWGOVEQTOITMLXAIOKBUNRSYGIXPTMXMUEUZKLJEIHQCURLRPJUDZLXKZNSUB,TFX
NOCJLLWBKOKHIEKPEAZSLMMLTFOLJFPCRLUQKODNPIGBZGONEUVLUCKDTAKERRWMGAHVZJOLOGUTPPJGKTKBKRRZZVPBSMBSTRHFTVIRXWYHFYLRFJHTNEY,RFJ
YCJDZBKYTQJJTZXHHARYWSVVBJIJRYFGPADREIMRHCJYPCUSEHXACMDGBGFOPYNWBUAMOJKJCWBLULKMMXUMYUISQMCDXDUSWSAUNGXQITHIAZAUEJXMYAEUNPZEISGPGCLDTKZUTUOCFNDS,MXUM
MYRSSTVIOLOMOYIABYYJQNEKEXXPORYWRBQNUDJBRZUAEVWGKCZSDLUZGPRBBYVIDWKYDKZVLVSYFPKDLTDGKHHEBRLVADDYOGZAIKJU,ZGPR
ZETDYEFXXUTRXGLRKXTCCJNTFHQZMQOIMIALAKAGKDZOIANOVXYLKKGFXAEFBWMFENZMMMHHETIIWJXBSNAKTZDGQTRXNABQVUCWHV,FENZM
PNHUCGUYHAXLDUTPGZQMYGJYWNHOLMTKTKLQWRFVMMUVVUVDIDTHUUYIERXMFZINWRHAMRNTLLCBNCTOUIEFYHOWURTGDJRRSQKEGWBCIUUQFMDJZUMERYDXIZLMUZALJFWEAZMQCDFQDQNS,DQN
VTGOQSBWYBNPHAQDSZMDJFMINKWAUTXLWBLUVYUELVHSQOFCOMOVQKMHTFHJLNFYABJIEPPDREVHODMYOXKIIRICPPMKCJRAZYIMPVBSGVGJPUHNBRWJOQWSGUJKEIWYEAYYPJBLHCJKKM,FCOM
RJEHJQVWXNEVTLAJVEEGDNTNSEXGLZXJKZBYQLQZGJJASHTHXYYIAWEPUMIJXOAENPNDVXUOTDPKXVGMKRNELWZFXKKWDVGEDJUBVTSER,QZGJ
FOGXZNIRXTLGSTRAMOPPFIFJXAACVISCDHNWWMGFUJXZUGFLRUVYASCNZKMDDBPXSCZCGHNETTUQKALOLITOOXUHEJAQZDTYUMJTRIIQGBFGUENGLKIZXN,HEJAQ
LWKVTEFNGUCDGHKUKIHGLKNDPZPSUYZYKIXUGYRLGYPIOJSJGKQZRZZLRXYWHOGPQHJXDHHBEMVWVNHCILGTKWQRPYYOFYUMRBJADLA,LKNDP
IZJECNGROBPLILUJJGOQMOQXQKAIWGQQVXBRFUTRNDFFNOIZXCXDZTJRXKMMHFDOGZGSJQOPMQJOMRTXISSHEUHBYFZRBJLLROOPJZDOXVYCBXIPQEJO,UTR
KTHBWFFHYFTJKKIUQJAVSJONGLLNZNRGEZGXTAGZZFBMTNUDTVFMRBSPTNKFGLMXTTVMJYLDQPPIQGDUHGQAQIXKQLANQKLJMKOTLJJFWFLBHIXICFINKZEFHWPKZHULQTITXLMGTNQSGXIIB,HWPK
JHRSJAXQFIZYHZNPXTEQFKTDAWYTKHHMUCLVBQACHMGTECSMOMQCNOVAJCGQHJUUUSDAJCUZEHMFVPPDBAQAPANIEUWWYXMJXEPPPBBTXCCYKCPGBJKZSPUWCTJZVZZX,XEPP
UYKFWUFXVIDGSKWZVOXACRXTBESSEEQOENHZMWIXYEFXIDBVPJZJJCFRTJEPHDZIFDMAPBVIACGROLVBGTCCXXPEBQZAVQEUZSPDYIIAOMDGPMA,CRXT
BBADHDERQKYDYYTMGDUNGKAYGZZDWRCAIVHVWZVKRVNYKZQPEUFGXRZXJYJZBODQBWTEEKNBWRQLBCVJBANYGPHUOTAMZTGMYEZSMKICBEGMBLLCQM,BLLCQ
DAIREASEEYTGBXFRHYRYKJCXNCQRLTZUADVGWPZJZDSJFWQUVUORMMWPNXYNIFYSJLVZGWSUZFKPBAFDNQHQTXQZVDIPGAIFRENHRSVPRYFYMNZVHXORDKEHJOD,ADV
ZTZKHJPWDVTRUVVOKQKZHTXDUGZMIKFWBXIQQMGEGMKHSPVQHPHPELPLTIHXZGPEVTXMWNAUDKMOJEHPCHGSRYFPIGJNIYMCDNPQCMDRQLZMDCEAUGMZSAKMWCNWKJAA,RUV
LDSCWYRXPPZNEIPNXFUWKYRTRRECFMZDGJNBCDKIWJYJVTIYSFAPVSAJRVJGCDPRPOYDVBBCRTYGSIOUJZVYXWNOLCCLGMXSPNXTKPPQHWJIN,PNXFU
HEMCELGAOPUCGEPOPEDWSNFCTFESQFBGQMEGTUVUJVPYZBUYZXBFZWOCIJLJCRYSAFYBXKIEJLDFRNXERTEHEXOZXVNUFOCHZMTNPAMCUNANLBEZOHYXAKLZWOCJQKLEINEIHGCFJ,UNAN
NIGEDSUHZJOGSJQOJQELZWDJTCQHHISBZHVSMNWPOIVITKNDONNCMEYYNUGHRUHTZDIQOLJRUFIGDWOTOVBXTFOXWFHCFTYDPWBRBZFXJZQDRTBWHRODTEAZEQM,ZWD
LLCNRGNVMWDJSBZVATRZAFQKGKBZTHWVXAAIACLFSKNVHQXMXVZSCFQAEDAKOYGDUHAOBSJKFRCTOFIORSEFPNWZVAMGSWIRDLTVZADOOPLIHMPYMRUMXPOYAXZIUCBQZRMFISVNMKNINJV,MXPOY
VQURIEXGIOZLOMGBIQMWINMADSXVARWVPYCKXKDLYTTBYCLVCFKWLCFIPRDNFWEBKQIVUTUTXMUFDAFSEUIMDVWJKLYLXYGFEUXASKNBNTEMVHWKCHFRPBQXUCNOBQMEMXKQIEYTDOLCVBPRBYM,FEU
EMLYWLTVRLACZAPKSFANONGYZLLHOSZVUKETTPJEJEKADPNLUXNFXKPAFJCSSLFHQHTXATQZRPPEEGNLOEBOYEZWIKAGXLFXCSJVCVLBHHGXINVPTHUMOXVZRTNRURAWDRTXUGEFURW,ETTPJ
NZKJJDNZZHURDXPUOGJBXUAFMTAYLNIEQHHKNSRUTWXDAJPNNVDTQKXVFNJRMDRDBCXMRDJIFLSQZXOVANLTGGVNKHUKPVAWBVWUOOBETBWHYRHFI,JIF
BFTVIMIXNSWZGAKQXZUIKNCTOYFIOXQCSWTBVGAUPTYFZMCBIDLEHJWTQPEGGJBCPRSZDRDIGOSSJEWHENQHPUOKTROZGTEOYJPFQYVHEIWCGEDWOWNAOINT,SSJ
CRPJVXREGFKONBWORPWKLSWAUTKFHDPRTLHBJTAHBQRIVSRLHIEWVIZROXARLPVMTMXDIDMBCBAZAHGDVICBSGKPEIIUHRSRAQMGRLVXUXZYQIIZPSWSYHQPRKYJPRZVMFVGCAFOZQPCQGLAA,ZQPCQ
CSUPFZMTVBINZAIVBCNCKHZHUVGIRYTAPRWUMMGVHEPZVTPHPJYZHBVENZUAHGIZTWETJOXIGGHMOQLQCBMNMLISCXSLCJYOGLQZPITQWVNSRWXNWNBWLSWHAJKGEWZNMHINTCPD,GLQ
CGBOPVOTYCXNYNNOTVDBENTQGZKTRCIJMHLALEXQBBYGMVKMRNGAGYQCLKLTKSEHLVRFAFHFIULPIFSJGDRBJAPHMSXTJJCDILYLYURAM,HLV
HJTNGAQVFAJCEKIYEQQJITYKPBCVSAZEPWFNZAUIIXCSBQDTFZVDKIFMGRAAVDNFMQLBAANQMNRJTTWFJIKECYQPFAXGFLKDADZQGMRQWHAGMJJGUGNTZGOZYSSMYBWKMIREJWGEOBGIKCKRJD,NFMQL
AVGPEHDNOPJHVXAHNOLKHNMLUNFTXHHQDLBEYZZVOMYYWACXQMLWGULZNTSBYYEJGJIXDBHMQCQTOJZKWFVMDTBQHAWHKTNLILJBSYRGZPEQCJQMFHESCNMYJEVFEMUKHBYQTSCIPTVCWNJDWYTZI,LJB
MIYGYMOYPOLPFNGJNCIORHRTHNNCTISWVXJHYISJPLYPMZXPSUKMCDQSXSSJGINCCABDIENEBVLBTKPHLGUXDAMWWHPACJABKUHATIFFFAGIDIQEXXSAWAHBQZDXFESPUDXXEHMUFXJXR,XSA
VXXJCYENPVLCXTDHKRLNUHLJASVBMKZOTONWONTXKMJFLSVHJIMNHNLBFARSOADNZWSHVACEBERJDBWGHUADIFQORIJOVVLQLOLATAOEUUKSWDWFPS,DIFQO
ZRVWBHSSPMQUMGIGHCTWLNJXDHMLWRJKMWITBBHWLCNUMAUVLWJNDFAFZJVGKJLHVZUDXDDGBEDCFGNAQPJWYAKRRTTKDQUMQZVTCVZAOFQTLTBXBPK,CVZ
MXTOEFLEODXIOACLZYEZBAOZNWQAEPRFFFNSOSTYJLQXHISWQXESSUYICHKQMSWCPGNEHHCTEUDSMNRMNUZXUUVWXAJINHWRIAWMGQDVUSKKCAPRDQKTZUOMXEDCHYGSBBBVQ,WQX
YFNTWWFNQYKZSYEMUGKWPMBWESNRSNYYNVTIVXZOJBHXWREJTKGVOXGUUFYMNEBROYUYBLPGIXJEMQKACLACKFPRMMJLLBQSSCCLQGUZQEYOQUXLOPPNOAZSDLQPNKNWCQAKLXZCH,JLLB
PBAMEVCBNSWZIYLBYSLCIAXIVQHWHVYICYXRQNGXKIZWCLKPDUNTCCLVAVGFLPDDFDVNCUGYMRHOMZKZOGSHLVRFDOOWNQLHIEMMIPQLELPXKIVWIVMSSPYREYGWOXFIQCPI,AVG
OIKYGEZUFPRGFGJQKMCSCIJNOXIZBAXHDNKFRRPQMSEWBQHJMJQWROYKYAZSBIWRLYJYYHGTAZFHKFBAAXVWYNZPFOBGOXZLTIXQLSVGBIDKKANWZUIICWBGOJDAMPGRAGFOVSOSHSUTUBDT,SBIW
DGPINQUWEQXDEVHPEFGPIIZYJGPSVKUKTWNITWFEQJYRMCQNJWELNCDORQZMTKOGHHOKBSNAWRWDGNZFCFCXYDDUMWGTICSLQXTLVWEPKSVKAQHEUGGSCAAKJCMXEWBGMYHXHYOSAT,EQX
IDCWYAGRAYNAYAFRLVTCVOZHJXLIYRYNNTDIIHLBZWXYADEEYKAJPRSETNKAABAVFXKTAJTXBWUMDMGWAUUGWGBEUPZJONYCJVMLCMPXEPABWMJKGNM,UMDM
ICDURPLMLVPFHZSGFNTLXKFXIQBCMHVGWPNNCTABDUXELYFVZSOCWAPTWDAANNDHCESINDRAGZZAPFIBIZHZVOQPCAOPXMUBDNOXFGIZTDSHFOABWOYASYOTMDCIXPDHDXHHTLOOKLEODEBWYSA,RPLM
TDZKQWJVDINAHOLENEMJKGGMXWTTHUMKYPXCYSTONRPXHDLHWJAXFWFHOUPBQCTXIVIJTPHNMYKGNTJWWSXJXOSSQZVAYTJNBEZGOPHAWAEBSKKXXRFQNUSJLPTLGKSJOWINLTBHKQHZXYCF,JLP
ZLDOKBGYVOWIMZBRQBCGRRPCWBKWRFWJVSWHLHKJSPSJLGOKOQQVYZEUQFTQOFSFWNOBMNNUVYZQKCDNYIYJHWAONBTWWUHGMDFMNDATLAZJRSTWOIXBBLVYWF,HLHK
QIEHBKOMZQZCNJOSRCYAPTWVFNRQUTMUWLZTEBGPWKWISOPMTYTMJYCAVWDADERYPIVDUUHFWGDFHLLOAPEICIOMSUYOXFSLWEUICYDHYCHZUBHWOSEKYKZWQFZNBCXAFYN,ZNB
HPBKFLQRNUIGRAPTJZUZYQMJNGGEWZQQJXTLTANIQBYDKNIELDEHZZKYKVQMUQXSCWBGVOPJYOZZAGYMAMNEEIVHBRNRDJAFCNLWSFZWSGPFHOTAAOV,QRN
GOVFVOIPQQRBFKRJPDGZUHSJHWBOVKMXQWOQJYDFKUGDEIWZNFGCJJYQQLQCZSRRWRQRXVBSGJDPUSTIRCUCAHQPFEYBHPCZKRLI,JYDFK
WPTCMOHESLQPIPCBDCRWZAEJAWAKCJJSUWBZYPAIIJYGTDJRRUOTPHMANPYKJPPMUTKLAOYXLIYPDGSSBDWRJBKGWZLNHKTRPBDOJVBRLDTPVXOPQYCYUFEXVAPCGQKZXLOPBYEAFZGEQZP,UOT
MLERTARAKVPKQIHZEQKPEIXHYQBQFBDGEBJEOUJFDHHTELYHAUXQRJHGFFYDUBWOFODFAAGQBKPKFIAVYKYMXITQNUYICDNNUDKDGPUBINTDOIZBIOOMTVGWCTCWMSYAISRTWFYRYPUBKIMWI,GPUB
DUIGBWMPMOEFEVNAXKMOCWNMLCBICITOWYZCASPGMRZVAHFZWWNVPLWSOAYGTQWZNDQHGNSZKYKWXIHUGSXECEPYTLJDVVZLECYKBORMZRREOCKFTVZINBBMKXBXUYEKELILLWIOKJ,AYGTQ
